Workbook

Sheet ALL_DATA
A1: Sample_ID | B1: Site | C1: Season | D1: Typology | E1: Replicate | F1: Localisation_X | G1: Localisation_Y | H1: Date | I1: Heure | J1: Sediment_temperature | K1: pH | L1: Salinity | M1: Conductivity | N1: RedOx | O1: COD | P1: Bacteria | Q1: Nematoda | R1: Copepoda | S1: Ostracoda | T1: Total_meiofauna | U1: Chlorophyll_a | V1: Pheopigment | W1: Active_chlorophyll_a | X1: Al | Y1: As | Z1: Cd | AA1: Co | AB1: Cr | AC1: Cu | AD1: Fe | AE1: Mn | AF1: Ni | AG1: Pb | AH1: Se | AI1: V | AJ1: Zn | AK1: Ag | AL1: NO3 | AM1: NO2 | AN1: PO4 | AO1: Si | AP1: NH4 | AQ1: Total_Hydrocarbon | AR1: 1,3,5-TriCB | AS1: 1,2,4-TriCB | AT1: 1,2,3-TriCB | AU1: HCBD | AV1: Dichlorvos | AW1: PeCBz | AX1: a-HCH | AY1: HCB | AZ1: g-HCH | BA1: b-HCH | BB1: d-HCH | BC1: Heptachlor | BD1: 2,4'-Dicofol | BE1: oxychlordane | BF1: 4,4'-Dicofol | BG1: Heptachlor epoxyde cis | BH1: Heptachlor epoxyde trans | BI1: o,p-DDE | BJ1: g-chlordane | BK1: Trans nanochlor | BL1: a-endosulfan | BM1: a-chlordane | BN1: p,p-DDE | BO1: Dieldrin | BP1: o,p-DDD | BQ1: o,p-DDT | BR1: Endrin | BS1: cis-nanochlor | BT1: b-endosulfan | BU1: p,p-DDD | BV1: quinoxyfen | BW1: p,p-DDT | BX1: endosulfan sulfate | BY1: mirex | BZ1: cypermethrine | CA1: Water_content | CB1: D10 | CC1: D50 | CD1: D90 | CE1: Clay | CF1: Silt | CG1: Sand
A2: ST6_A20_1 | B2: ST6 | C2: AUTUMN_2020 | D2: FRESHWATER | E2: 1 | F2: 46.28213 | G2: -0.969368 | H2: 44167 | I2: 0.36111111 | J2: 6.2 | K2: 7.407 | L2: 0.5 | M2: 1.229 | N2: -19.5 | O2: 6.3 | P2: 1.2694575e+09 | Q2: 0.73333333 | R2: 0.74166667 | S2: 0.21666667 | T2: 1.9555556 | U2: 5.5615616 | V2: 23.805191 | W2: =U2/(U2+V2)*100 -> 18.938293 | X2: 6763.3198 | Y2: 10.733445 | Z2: 0.087067657 | AA2: 9.0583513 | AB2: 26.28924 | AC2: 11.11848 | AD2: 19054.817 | AE2: 390.10304 | AF2: 20.400791 | AG2: 34.287882 | AH2: 1.6978193 | AI2: 32.452073 | AJ2: 89.532111 | AK2: 0.063703171 | AL2: 0.03 | AM2: 0.49 | AN2: 1.75 | AO2: 401.49 | AP2: 150.51 | AQ2: 29.511799 | AR2: < 0.008 | AS2: < 2.988 | AT2: < 0.061 | AU2: < 0.312 | AV2: < 0.015 | AW2: < 0.056 | AX2: < 2.376 | AY2: < 0.005 | AZ2: < 0.477 | BA2: < 0.040 | BB2: < 0.166 | BC2: < 0.004 | BD2: < 0.049 | BE2: < 0.048 | BF2: < 0.049 | BG2: < 0.009 | BH2: < 0.027 | BI2: < 0.004 | BJ2: < 0.008 | BK2: < 0.009 | BL2: < 0.068 | BM2: < 0.007 | BN2: < 0.068 | BO2: < 0.025 | BP2: < 0.009 | BQ2: < 0.027 | BR2: < 0.016 | BS2: < 0.009 | BT2: < 0.067 | BU2: < 0.010 | BV2: < 0.017 | BW2: < 0.029 | BX2: < 0.013 | BY2: < 0.097 | BZ2: 0.026 | CA2: 61.254649 | CB2: 3.569 | CC2: 113.444 | CD2: 1012.508 | CE2: 3.923251 | CF2: 38.433541 | CG2: 57.643209
A3: ST6_A20_2 | B3: ST6 | C3: AUTUMN_2020 | D3: FRESHWATER | E3: 2 | F3: 46.28213 | G3: -0.969368 | H3: 44167 | I3: 0.37430556 | J3: 6.2 | K3: 7.572 | L3: 0.5 | M3: 1.253 | N3: -28.7 | O3: 8.4 | P3: 6.7910564e+08 | Q3: 0.7 | R3: 0.86666667 | S3: 2.0333333 | T3: 3.9888889 | U3: 3.4146341 | V3: 14.130526 | W3: =U3/(U3+V3)*100 -> 19.461972 | X3: 6624.35 | Y3: 7.7854811 | Z3: 0.057237293 | AA3: 8.2114152 | AB3: 22.281229 | AC3: 10.457959 | AD3: 17619.17 | AE3: 390.51352 | AF3: 18.357108 | AG3: 34.846225 | AH3: 1.2584143 | AI3: 25.77089 | AJ3: 72.508162 | AK3: 0.054617276 | AL3: 0.03 | AM3: 0.52 | AN3: 1.82 | AO3: 404.13 | AP3: 199 | AQ3: 32.660733 | AR3: < 0.008 | AS3: < 2.988 | AT3: < 0.061 | AU3: < 0.312 | AV3: < 0.015 | AW3: < 0.056 | AX3: < 2.376 | AY3: < 0.005 | AZ3: < 0.477 | BA3: < 0.040 | BB3: < 0.166 | BC3: < 0.004 | BD3: < 0.049 | BE3: < 0.048 | BF3: < 0.049 | BG3: < 0.009 | BH3: < 0.027 | BI3: < 0.004 | BJ3: < 0.008 | BK3: < 0.009 | BL3: < 0.068 | BM3: < 0.007 | BN3: < 0.068 | BO3: < 0.025 | BP3: < 0.009 | BQ3: < 0.027 | BR3: < 0.016 | BS3: < 0.009 | BT3: < 0.067 | BU3: < 0.010 | BV3: < 0.017 | BW3: < 0.029 | BX3: < 0.013 | BY3: < 0.097 | BZ3: 0.026 | CA3: 46.677321 | CB3: 2.003 | CC3: 8.423 | CD3: 44.289 | CE3: 8.331711 | CF3: 82.054848 | CG3: 9.613442
A4: ST6_A20_3 | B4: ST6 | C4: AUTUMN_2020 | D4: FRESHWATER | E4: 3 | F4: 46.28213 | G4: -0.969368 | H4: 44167 | I4: 0.37777778 | J4: 6.4 | K4: 7.404 | L4: 0.6 | M4: 1.218 | N4: -19.2 | O4: 6.3 | P4: 4.8704811e+08 | Q4: 4.1333333 | R4: 1.4 | S4: 2.2666667 | T4: 9.8444444 | U4: 19.737143 | V4: 20.940234 | W4: =U4/(U4+V4)*100 -> 48.521178 | X4: 6462.7048 | Y4: 7.1143341 | Z4: 0.071764927 | AA4: 9.0172726 | AB4: 26.617819 | AC4: 10.311189 | AD4: 18829.911 | AE4: 396.56621 | AF4: 20.157468 | AG4: 32.925221 | AH4: 1.566585 | AI4: 31.377849 | AJ4: 82.510454 | AK4: 0.057072895 | AL4: 0.01 | AM4: 3.09 | AN4: 1.37 | AO4: 448.72 | AP4: 170.92 | AQ4: 23.690862 | AR4: < 0.008 | AS4: < 2.988 | AT4: < 0.061 | AU4: < 0.312 | AV4: < 0.015 | AW4: < 0.056 | AX4: < 2.376 | AY4: < 0.005 | AZ4: < 0.477 | BA4: < 0.040 | BB4: < 0.166 | BC4: < 0.004 | BD4: < 0.049 | BE4: < 0.048 | BF4: < 0.049 | BG4: < 0.009 | BH4: < 0.027 | BI4: < 0.004 | BJ4: < 0.008 | BK4: < 0.009 | BL4: < 0.068 | BM4: < 0.007 | BN4: < 0.068 | BO4: < 0.025 | BP4: < 0.009 | BQ4: < 0.027 | BR4: < 0.016 | BS4: < 0.009 | BT4: < 0.067 | BU4: < 0.010 | BV4: < 0.017 | BW4: < 0.029 | BX4: < 0.013 | BY4: < 0.097 | BZ4: 0.026 | CA4: 63.770702 | CB4: 1.831 | CC4: 8.985 | CD4: 168.178 | CE4: 9.683883 | CF4: 69.547775 | CG4: 20.768343
A5: ST75_A20_1 | B5: St75 | C5: AUTUMN_2020 | D5: BRACKISH | E5: 1 | F5: 45.883995 | G5: -1.055508 | H5: 44168 | I5: 0.41666667 | J5: 7.2 | K5: 7.296 | L5: 2.5 | M5: 4.68 | N5: -13.6 | O5: 15 | P5: 8.7132265e+08 | Q5: 4 | R5: 24.666667 | S5: 1.1333333 | T5: 33 | U5: 14.74359 | V5: 50.722859 | W5: =U5/(U5+V5)*100 -> 22.520833 | X5: 6989.0353 | Y5: 19.680938 | Z5: 0.080976366 | AA5: 12.631364 | AB5: 31.562573 | AC5: 14.70308 | AD5: 24678.419 | AE5: 621.9721 | AF5: 25.750291 | AG5: 43.800852 | AH5: 1.588919 | AI5: 44.953119 | AJ5: 95.902945 | AK5: 0.069740411 | AL5: 0.03 | AM5: 0.23 | AN5: 4.6 | AO5: 359.04 | AP5: 236.44 | AQ5: 41.181218 | AR5: < 0.019 | AS5: < 2.399 | AT5: < 0.059 | AU5: < 0.311 | AV5: < 0.019 | AW5: < 0.054 | AX5: < 2.502 | AY5: < 0.007 | AZ5: < 0.467 | BA5: < 0.029 | BB5: < 0.118 | BC5: < 0.004 | BD5: < 0.030 | BE5: < 0.048 | BF5: < 0.049 | BG5: < 0.010 | BH5: < 0.028 | BI5: < 0.004 | BJ5: < 0.009 | BK5: < 0.010 | BL5: < 0.087 | BM5: < 0.009 | BN5: 0.033 | BO5: < 0.013 | BP5: < 0.015 | BQ5: < 0.029 | BR5: < 0.015 | BS5: < 0.009 | BT5: < 0.017 | BU5: < 0.010 | BV5: < 0.018 | BW5: < 0.027 | BX5: < 0.015 | BY5: < 0.100 | BZ5: < 0.023 | CA5: 66.387626 | CB5: 1.993 | CC5: 9.491 | CD5: 51.857 | CE5: 8.41268 | CF5: 80.168641 | CG5: 11.418678
A6: ST75_A20_2 | B6: St75 | C6: AUTUMN_2020 | D6: BRACKISH | E6: 2 | F6: 45.883995 | G6: -1.055508 | H6: 44168 | I6: 0.42708333 | J6: 7.6 | K6: 7.343 | L6: 2.4 | M6: 4.63 | N6: -16 | O6: 16 | P6: 7.0088977e+08 | Q6: 5.3333333 | R6: 19.666667 | S6: 1.8 | T6: 28.888889 | U6: 21.414141 | V6: 51.31586 | W6: =U6/(U6+V6)*100 -> 29.44334 | X6: 6584.9363 | Y6: 19.344089 | Z6: 0.080300763 | AA6: 12.203453 | AB6: 29.808921 | AC6: 13.995127 | AD6: 23400.737 | AE6: 656.19228 | AF6: 24.646312 | AG6: 42.249151 | AH6: 1.4591014 | AI6: 43.237581 | AJ6: 91.401978 | AK6: 0.065518122 | AL6: 0.11 | AM6: 0.2 | AN6: 3.73 | AO6: 344.12 | AP6: 243.68 | AQ6: 24.602564 | AR6: < 0.019 | AS6: < 2.399 | AT6: < 0.059 | AU6: < 0.311 | AV6: < 0.019 | AW6: < 0.054 | AX6: < 2.502 | AY6: < 0.007 | AZ6: < 0.467 | BA6: < 0.029 | BB6: < 0.118 | BC6: < 0.004 | BD6: < 0.030 | BE6: < 0.048 | BF6: < 0.049 | BG6: < 0.010 | BH6: < 0.028 | BI6: < 0.004 | BJ6: < 0.009 | BK6: < 0.010 | BL6: < 0.087 | BM6: < 0.009 | BN6: 0.033 | BO6: < 0.013 | BP6: < 0.015 | BQ6: < 0.029 | BR6: < 0.015 | BS6: < 0.009 | BT6: < 0.017 | BU6: < 0.010 | BV6: < 0.018 | BW6: < 0.027 | BX6: < 0.015 | BY6: < 0.100 | BZ6: < 0.023 | CA6: 67.788985 | CB6: 2.073 | CC6: 8.446 | CD6: 84.946 | CE6: 7.8165 | CF6: 77.493976 | CG6: 14.689523
A7: ST75_A20_3 | B7: St75 | C7: AUTUMN_2020 | D7: BRACKISH | E7: 3 | F7: 45.883995 | G7: -1.055508 | H7: 44168 | I7: 0.43402778 | J7: 7.5 | K7: 7.191 | L7: 2.4 | M7: 4.53 | N7: -7.7 | O7: 17 | P7: 1.1362379e+09 | Q7: 2.7333333 | R7: 21.933333 | S7: 1.6666667 | T7: 28.866667 | U7: 15.736132 | V7: 60.286647 | W7: =U7/(U7+V7)*100 -> 20.699233 | X7: 4317.9675 | Y7: 20.668985 | Z7: 0.088318747 | AA7: 11.976382 | AB7: 31.050633 | AC7: 14.033729 | AD7: 24973.424 | AE7: 621.18051 | AF7: 24.971027 | AG7: 44.11941 | AH7: 1.546777 | AI7: 44.084642 | AJ7: 97.393198 | AK7: 0.07353235 | AL7: 0.03 | AM7: 0.13 | AN7: 4.14 | AO7: 451.89 | AP7: 340.53 | AQ7: 34.236913 | AR7: < 0.019 | AS7: < 2.399 | AT7: < 0.059 | AU7: < 0.311 | AV7: < 0.019 | AW7: < 0.054 | AX7: < 2.502 | AY7: < 0.007 | AZ7: < 0.467 | BA7: < 0.029 | BB7: < 0.118 | BC7: < 0.004 | BD7: < 0.030 | BE7: < 0.048 | BF7: < 0.049 | BG7: < 0.010 | BH7: < 0.028 | BI7: < 0.004 | BJ7: < 0.009 | BK7: < 0.010 | BL7: < 0.087 | BM7: < 0.009 | BN7: 0.033 | BO7: < 0.013 | BP7: < 0.015 | BQ7: < 0.029 | BR7: < 0.015 | BS7: < 0.009 | BT7: < 0.017 | BU7: < 0.010 | BV7: < 0.018 | BW7: < 0.027 | BX7: < 0.015 | BY7: < 0.100 | BZ7: < 0.023 | CA7: 67.674852 | CB7: 1.818 | CC7: 7.6 | CD7: 39.043 | CE7: 9.78876 | CF7: 81.750908 | CG7: 8.460333
A8: ST16_A20_1 | B8: ST16 | C8: AUTUMN_2020 | D8: SALTED | E8: 1 | F8: 46.23537 | G8: -1.514997 | H8: 44162 | I8: 0.38888889 | J8: 10.3 | K8: 7.663 | L8: 33.7 | M8: 52 | N8: -34.1 | O8: 6.9 | P8: 1.7209701e+09 | Q8: 43.333333 | R8: 4.8 | S8: 3.7333333 | T8: 52.533333 | U8: 8.6777409 | V8: 10.010388 | W8: =U8/(U8+V8)*100 -> 46.43451 | X8: 4022.9425 | Y8: 7.9451844 | Z8: 0.086419278 | AA8: 4.3093194 | AB8: 13.562245 | AC8: 6.4935715 | AD8: 10281.969 | AE8: 148.7653 | AF8: 8.4551544 | AG8: 15.823004 | AH8: 1.0864963 | AI8: 19.154862 | AJ8: 92.092925 | AK8: 0.040226345 | AL8: 0 | AM8: 0.85 | AN8: 16.86 | AO8: 242.46 | AP8: 208.32 | AQ8: 39.612335 | AR8: 0.009 | AS8: < 2.794 | AT8: < 0.057 | AU8: < 0.292 | AV8: < 0.014 | AW8: < 0.052 | AX8: < 2.222 | AY8: < 0.005 | AZ8: < 0.446 | BA8: < 0.037 | BB8: < 0.155 | BC8: < 0.004 | BD8: < 0.046 | BE8: < 0.045 | BF8: 0.068 | BG8: < 0.009 | BH8: < 0.025 | BI8: < 0.004 | BJ8: < 0.007 | BK8: < 0.009 | BL8: < 0.064 | BM8: < 0.007 | BN8: < 0.063 | BO8: < 0.024 | BP8: 0.01 | BQ8: < 0.025 | BR8: < 0.015 | BS8: < 0.008 | BT8: < 0.063 | BU8: 0.03 | BV8: < 0.016 | BW8: < 0.027 | BX8: < 0.012 | BY8: < 0.091 | BZ8: < 0.015 | CA8: 43.367648 | CB8: 2.486 | CC8: 10.581 | CD8: 133.865 | CE8: 5.769831 | CF8: 68.995128 | CG8: 25.23504
A9: ST16_A20_2 | B9: ST16 | C9: AUTUMN_2020 | D9: SALTED | E9: 2 | F9: 46.23537 | G9: -1.514997 | H9: 44162 | I9: 0.39930556 | J9: 10.3 | K9: 7.721 | L9: 25.6 | M9: 40.6 | N9: -37.3 | O9: 8.7 | P9: 8.9517425e+08 | Q9: 19.6 | R9: 0.66666667 | S9: 2.5333333 | T9: 23.733333 | U9: 3.7350993 | V9: 2.4781229 | W9: =U9/(U9+V9)*100 -> 60.115335 | X9: 3445.5165 | Y9: 8.1238056 | Z9: 0.034473714 | AA9: 3.2368944 | AB9: 8.9922622 | AC9: 4.5007307 | AD9: 9092.6668 | AE9: 123.32915 | AF9: 6.151422 | AG9: 10.926668 | AH9: 0.64750628 | AI9: 15.326095 | AJ9: 30.239068 | AK9: 0.025667928 | AL9: 0.41 | AM9: 1.54 | AN9: 6.26 | AO9: 67.6 | AP9: 155.64 | AQ9: 40.359541 | AR9: 0.009 | AS9: < 2.794 | AT9: < 0.057 | AU9: < 0.292 | AV9: < 0.014 | AW9: < 0.052 | AX9: < 2.222 | AY9: < 0.005 | AZ9: < 0.446 | BA9: < 0.037 | BB9: < 0.155 | BC9: < 0.004 | BD9: < 0.046 | BE9: < 0.045 | BF9: 0.068 | BG9: < 0.009 | BH9: < 0.025 | BI9: < 0.004 | BJ9: < 0.007 | BK9: < 0.009 | BL9: < 0.064 | BM9: < 0.007 | BN9: < 0.063 | BO9: < 0.024 | BP9: 0.01 | BQ9: < 0.025 | BR9: < 0.015 | BS9: < 0.008 | BT9: < 0.063 | BU9: 0.03 | BV9: < 0.016 | BW9: < 0.027 | BX9: < 0.012 | BY9: < 0.091 | BZ9: < 0.015 | CA9: 31.438475 | CB9: 2.179 | CC9: 10.157 | CD9: 121.439 | CE9: 7.295182 | CF9: 66.36494 | CG9: 26.339876
A10: ST16_A20_3 | B10: ST16 | C10: AUTUMN_2020 | D10: SALTED | E10: 3 | F10: 46.23537 | G10: -1.514997 | H10: 44162 | I10: 0.40902778 | J10: 10.2 | K10: 7.368 | L10: 34 | M10: 52.6 | N10: -17.6 | O10: 14 | P10: 2.6832101e+09 | Q10: 45.6 | R10: 9.3333333 | S10: 3.7333333 | T10: 60.2 | U10: 19.737143 | V10: 20.940234 | W10: =U10/(U10+V10)*100 -> 48.521178 | X10: 4657.9741 | Y10: 10.750139 | Z10: 0.076605541 | AA10: 4.8811225 | AB10: 15.497043 | AC10: 7.4514567 | AD10: 11924.982 | AE10: 171.55235 | AF10: 9.9347861 | AG10: 17.924903 | AH10: 1.0425101 | AI10: 22.180479 | AJ10: 51.79507 | AK10: 0.04187505 | AL10: 0 | AM10: 1.23 | AN10: 74.41 | AO10: 345.64 | AP10: 668.44 | AQ10: 25.190696 | AR10: 0.009 | AS10: < 2.794 | AT10: < 0.057 | AU10: < 0.292 | AV10: < 0.014 | AW10: < 0.052 | AX10: < 2.222 | AY10: < 0.005 | AZ10: < 0.446 | BA10: < 0.037 | BB10: < 0.155 | BC10: < 0.004 | BD10: < 0.046 | BE10: < 0.045 | BF10: 0.068 | BG10: < 0.009 | BH10: < 0.025 | BI10: < 0.004 | BJ10: < 0.007 | BK10: < 0.009 | BL10: < 0.064 | BM10: < 0.007 | BN10: < 0.063 | BO10: < 0.024 | BP10: 0.01 | BQ10: < 0.025 | BR10: < 0.015 | BS10: < 0.008 | BT10: < 0.063 | BU10: 0.03 | BV10: < 0.016 | BW10: < 0.027 | BX10: < 0.012 | BY10: < 0.091 | BZ10: < 0.015 | CA10: 48.309989 | CB10: 2.333 | CC10: 14.098 | CD10: 146.066 | CE10: 6.642665 | CF10: 59.627681 | CG10: 33.729655
A11: ST13_A20_1 | B11: ST13 | C11: AUTUMN_2020 | D11: BRACKISH | E11: 1 | F11: 46.262243 | G11: -1.106867 | H11: 44162 | I11: 0.46180556 | J11: 9.1 | K11: 7.538 | L11: 4.2 | M11: 7.76 | N11: -27.1 | O11: 6.8 | P11: 5.8123693e+08 | Q11: 2.4166667 | R11: 0.11666667 | S11: 0.18333333 | T11: 2.9666667 | U11: 7.8120411 | V11: 34.690566 | W11: =U11/(U11+V11)*100 -> 18.380146 | X11: 6111.072 | Y11: 18.272277 | Z11: 0.098465273 | AA11: 12.165492 | AB11: 33.388928 | AC11: 14.967074 | AD11: 23963.276 | AE11: 579.11479 | AF11: 24.541931 | AG11: 40.932582 | AH11: 1.871819 | AI11: 45.071255 | AJ11: 110.1936 | AK11: 0.07556182 | AL11: 0.14 | AM11: 0.412 | AN11: 9.66 | AO11: 571.54 | AP11: 458.852 | AQ11: 22.985833 | AR11: < 0.008 | AS11: < 3.048 | AT11: < 0.062 | AU11: < 0.319 | AV11: < 0.015 | AW11: < 0.057 | AX11: < 2.424 | AY11: < 0.005 | AZ11: < 0.486 | BA11: < 0.040 | BB11: < 0.169 | BC11: < 0.005 | BD11: < 0.050 | BE11: < 0.049 | BF11: 0.082 | BG11: < 0.010 | BH11: < 0.028 | BI11: < 0.004 | BJ11: < 0.008 | BK11: < 0.009 | BL11: < 0.070 | BM11: < 0.007 | BN11: 0.08 | BO11: < 0.026 | BP11: 0.017 | BQ11: < 0.028 | BR11: < 0.017 | BS11: < 0.009 | BT11: < 0.069 | BU11: 0.053 | BV11: < 0.018 | BW11: 0.051 | BX11: < 0.014 | BY11: < 0.099 | BZ11: < 0.016 | CA11: 66.060966 | CB11: 1.761 | CC11: 7.791 | CD11: 54.717 | CE11: 10.312037 | CF11: 78.266147 | CG11: 11.421816
A12: ST13_A20_2 | B12: ST13 | C12: AUTUMN_2020 | D12: BRACKISH | E12: 2 | F12: 46.262243 | G12: -1.106867 | H12: 44162 | I12: 0.47291667 | J12: 9.4 | K12: 7.511 | L12: 4.1 | M12: 7.45 | N12: -25.6 | O12: 8.4 | P12: 4.9817555e+08 | Q12: 1.2166667 | R12: 0.016666667 | S12: 0.033333333 | T12: 1.4111111 | U12: 6.4190801 | V12: 29.896291 | W12: =U12/(U12+V12)*100 -> 17.675932 | X12: 6325.9623 | Y12: 18.884885 | Z12: 0.09909411 | AA12: 12.365817 | AB12: 34.13802 | AC12: 15.303394 | AD12: 24481.783 | AE12: 569.3639 | AF12: 24.869655 | AG12: 42.70343 | AH12: 1.7635191 | AI12: 44.999011 | AJ12: 113.14411 | AK12: 0.080699395 | AL12: 0.81 | AM12: 0.23 | AN12: 19.66 | AO12: 424.96 | AP12: 498.56 | AQ12: 35.008846 | AR12: < 0.008 | AS12: < 3.048 | AT12: < 0.062 | AU12: < 0.319 | AV12: < 0.015 | AW12: < 0.057 | AX12: < 2.424 | AY12: < 0.005 | AZ12: < 0.486 | BA12: < 0.040 | BB12: < 0.169 | BC12: < 0.005 | BD12: < 0.050 | BE12: < 0.049 | BF12: 0.082 | BG12: < 0.010 | BH12: < 0.028 | BI12: < 0.004 | BJ12: < 0.008 | BK12: < 0.009 | BL12: < 0.070 | BM12: < 0.007 | BN12: 0.08 | BO12: < 0.026 | BP12: 0.017 | BQ12: < 0.028 | BR12: < 0.017 | BS12: < 0.009 | BT12: < 0.069 | BU12: 0.053 | BV12: < 0.018 | BW12: 0.051 | BX12: < 0.014 | BY12: < 0.099 | BZ12: < 0.016 | CA12: 65.14999 | CB12: 1.795 | CC12: 7.11 | CD12: 27.464 | CE12: 10.000335 | CF12: 85.976727 | CG12: 4.022935
A13: ST13_A20_3 | B13: ST13 | C13: AUTUMN_2020 | D13: BRACKISH | E13: 3 | F13: 46.262243 | G13: -1.106867 | H13: 44162 | I13: 0.48194444 | J13: 9.5 | K13: 7.445 | L13: 4.3 | M13: 7.8 | N13: -21.9 | O13: 8.6 | P13: 5.9800338e+08 | Q13: 2.85 | R13: 0.18333333 | S13: 0.05 | T13: 3.3055556 | U13: 6.8025478 | V13: 30.446015 | W13: =U13/(U13+V13)*100 -> 18.262578 | X13: 6604.7385 | Y13: 19.094324 | Z13: 0.10821017 | AA13: 12.456716 | AB13: 34.837583 | AC13: 14.959822 | AD13: 24582.792 | AE13: 584.22527 | AF13: 25.488062 | AG13: 44.014942 | AH13: 1.6838558 | AI13: 46.050836 | AJ13: 113.0173 | AK13: 0.084862758 | AL13: 0.66 | AM13: 0.29 | AN13: 12.62 | AO13: 539.62 | AP13: 507.5 | AQ13: 25.104131 | AR13: < 0.008 | AS13: < 3.048 | AT13: < 0.062 | AU13: < 0.319 | AV13: < 0.015 | AW13: < 0.057 | AX13: < 2.424 | AY13: < 0.005 | AZ13: < 0.486 | BA13: < 0.040 | BB13: < 0.169 | BC13: < 0.005 | BD13: < 0.050 | BE13: < 0.049 | BF13: 0.082 | BG13: < 0.010 | BH13: < 0.028 | BI13: < 0.004 | BJ13: < 0.008 | BK13: < 0.009 | BL13: < 0.070 | BM13: < 0.007 | BN13: 0.08 | BO13: < 0.026 | BP13: 0.017 | BQ13: < 0.028 | BR13: < 0.017 | BS13: < 0.009 | BT13: < 0.069 | BU13: 0.053 | BV13: < 0.018 | BW13: 0.051 | BX13: < 0.014 | BY13: < 0.099 | BZ13: < 0.016 | CA13: 67.176939 | CB13: 1.768 | CC13: 8.689 | CD13: 97.85 | CE13: 10.241711 | CF13: 73.913161 | CG13: 15.84513
A14: ST52_A20_1 | B14: ST52 | C14: AUTUMN_2020 | D14: SALTED | E14: 1 | F14: 45.961839 | G14: -1.278105 | H14: 44165 | I14: 0.40625 | J14: 5.6 | K14: 7.693 | L14: 32.8 | M14: 50.5 | N14: -35.8 | O14: 14 | P14: 1649960000 | Q14: 33.466667 | R14: 2.1333333 | S14: 1.8666667 | T14: 39.733333 | U14: 6.6646059 | V14: 13.216726 | W14: =U14/(U14+V14)*100 -> 33.521928 | X14: 6368.8774 | Y14: 12.679362 | Z14: 0.076494854 | AA14: 8.7837519 | AB14: 24.052025 | AC14: 12.184549 | AD14: 18384.417 | AE14: 261.54632 | AF14: 17.205415 | AG14: 36.365093 | AH14: 1.3656935 | AI14: 31.495254 | AJ14: 92.626857 | AK14: 0.06868517 | AL14: 0 | AM14: 1.23 | AN14: 7.65 | AO14: 125.01 | AP14: 105.23 | AQ14: 38.001032 | AR14: < 0.008 | AS14: < 2.874 | AT14: < 0.058 | AU14: < 0.300 | AV14: < 0.014 | AW14: < 0.054 | AX14: < 2.285 | AY14: < 0.005 | AZ14: < 0.459 | BA14: < 0.038 | BB14: < 0.159 | BC14: < 0.004 | BD14: 0.063 | BE14: < 0.046 | BF14: 0.147 | BG14: < 0.009 | BH14: < 0.026 | BI14: < 0.004 | BJ14: < 0.008 | BK14: < 0.009 | BL14: < 0.066 | BM14: < 0.007 | BN14: 0.143 | BO14: < 0.024 | BP14: 0.042 | BQ14: 0.039 | BR14: < 0.016 | BS14: < 0.008 | BT14: < 0.065 | BU14: 0.092 | BV14: < 0.017 | BW14: 0.155 | BX14: < 0.013 | BY14: < 0.094 | BZ14: < 0.015 | CA14: 45.313201 | CB14: 2.164 | CC14: 12.18 | CD14: 130.864 | CE14: 7.312817 | CF14: 63.767315 | CG14: 28.919865
A15: ST52_A20_2 | B15: ST52 | C15: AUTUMN_2020 | D15: SALTED | E15: 2 | F15: 45.961839 | G15: -1.278105 | H15: 44165 | I15: 0.41319444 | J15: 6.2 | K15: 7.664 | L15: 32.3 | M15: 49.8 | N15: -34.1 | O15: 11 | P15: 1.5782226e+09 | Q15: 42 | R15: 2.5333333 | S15: 0.93333333 | T15: 49.2 | U15: 8.3977055 | V15: 14.36862 | W15: =U15/(U15+V15)*100 -> 36.886521 | X15: 6111.8439 | Y15: 10.728757 | Z15: 0.073779796 | AA15: 7.7608321 | AB15: 21.130573 | AC15: 11.617578 | AD15: 16264.394 | AE15: 266.15327 | AF15: 15.049141 | AG15: 31.018827 | AH15: 1.2759795 | AI15: 27.884653 | AJ15: 78.382911 | AK15: 0.064190379 | AL15: 0.24 | AM15: 0.96 | AN15: 5.31 | AO15: 99.61 | AP15: 93.67 | AQ15: 51.350018 | AR15: < 0.008 | AS15: < 2.874 | AT15: < 0.058 | AU15: < 0.300 | AV15: < 0.014 | AW15: < 0.054 | AX15: < 2.285 | AY15: < 0.005 | AZ15: < 0.459 | BA15: < 0.038 | BB15: < 0.159 | BC15: < 0.004 | BD15: 0.063 | BE15: < 0.046 | BF15: 0.147 | BG15: < 0.009 | BH15: < 0.026 | BI15: < 0.004 | BJ15: < 0.008 | BK15: < 0.009 | BL15: < 0.066 | BM15: < 0.007 | BN15: 0.143 | BO15: < 0.024 | BP15: 0.042 | BQ15: 0.039 | BR15: < 0.016 | BS15: < 0.008 | BT15: < 0.065 | BU15: 0.092 | BV15: < 0.017 | BW15: 0.155 | BX15: < 0.013 | BY15: < 0.094 | BZ15: < 0.015 | CA15: 45.632946 | CB15: 2.358 | CC15: 12.082 | CD15: 121.772 | CE15: 6.362219 | CF15: 65.529058 | CG15: 28.108724
A16: ST52_A20_3 | B16: ST52 | C16: AUTUMN_2020 | D16: SALTED | E16: 3 | F16: 45.961839 | G16: -1.278105 | H16: 44165 | I16: 0.42013889 | J16: 5.6 | K16: 7.636 | L16: 32.6 | M16: 50.6 | N16: -32.6 | O16: 7.3 | P16: 1.6454496e+09 | Q16: 55.6 | R16: 3.8666667 | S16: 2.5333333 | T16: 66.133333 | U16: 10.128755 | V16: 16.089043 | W16: =U16/(U16+V16)*100 -> 38.633127 | X16: 6177.4112 | Y16: 11.378768 | Z16: 0.070590071 | AA16: 7.7455637 | AB16: 21.344331 | AC16: 10.138723 | AD16: 16331.013 | AE16: 279.93838 | AF16: 15.211361 | AG16: 30.966031 | AH16: 1.1545962 | AI16: 27.966928 | AJ16: 78.811669 | AK16: 0.063765064 | AL16: 0 | AM16: 1.17 | AN16: 4.66 | AO16: 95.19 | AP16: 75.02 | AQ16: 39.903372 | AR16: < 0.008 | AS16: < 2.874 | AT16: < 0.058 | AU16: < 0.300 | AV16: < 0.014 | AW16: < 0.054 | AX16: < 2.285 | AY16: < 0.005 | AZ16: < 0.459 | BA16: < 0.038 | BB16: < 0.159 | BC16: < 0.004 | BD16: 0.063 | BE16: < 0.046 | BF16: 0.147 | BG16: < 0.009 | BH16: < 0.026 | BI16: < 0.004 | BJ16: < 0.008 | BK16: < 0.009 | BL16: < 0.066 | BM16: < 0.007 | BN16: 0.143 | BO16: < 0.024 | BP16: 0.042 | BQ16: 0.039 | BR16: < 0.016 | BS16: < 0.008 | BT16: < 0.065 | BU16: 0.092 | BV16: < 0.017 | BW16: 0.155 | BX16: < 0.013 | BY16: < 0.094 | BZ16: < 0.015 | CA16: 41.616083 | CB16: 2.11 | CC16: 8.852 | CD16: 80.138 | CE16: 7.585194 | CF16: 75.13928 | CG16: 17.275526
A17: ST61_A20_1 | B17: ST61 | C17: AUTUMN_2020 | D17: SALTED | E17: 1 | F17: 45.771769 | G17: -1.054261 | H17: 44165 | I17: 0.47916667 | J17: 5.5 | K17: 7.931 | L17: 31 | M17: =1.554*L17+0.4349 -> 48.6089 | N17: -49 | O17: 8.9 | P17: 6.3060174e+08 | Q17: 8.4 | R17: 3.1333333 | S17: 0.93333333 | T17: 13.422222 | U17: 1.5407407 | V17: 6.7447484 | W17: =U17/(U17+V17)*100 -> 18.595652 | X17: 6590.0792 | Y17: 20.469381 | Z17: 0.083818064 | AA17: 12.677755 | AB17: 29.034174 | AC17: 15.614114 | AD17: 23837.05 | AE17: 614.22483 | AF17: 24.855389 | AG17: 35.809501 | AH17: 1.7821942 | AI17: 43.872799 | AJ17: 84.277145 | AK17: 0.080788496 | AL17: 0 | AM17: 2.28 | AN17: 7.03 | AO17: 125.08 | AP17: 211.5 | AQ17: 21.479793 | AR17: < 0.018 | AS17: < 2.307 | AT17: < 0.057 | AU17: < 0.299 | AV17: < 0.018 | AW17: < 0.052 | AX17: < 2.406 | AY17: < 0.007 | AZ17: < 0.449 | BA17: < 0.028 | BB17: < 0.113 | BC17: < 0.004 | BD17: 0.036 | BE17: < 0.046 | BF17: 0.074 | BG17: < 0.009 | BH17: < 0.027 | BI17: 0.005 | BJ17: < 0.009 | BK17: < 0.009 | BL17: < 0.084 | BM17: < 0.009 | BN17: 0.106 | BO17: < 0.013 | BP17: 0.039 | BQ17: < 0.028 | BR17: < 0.014 | BS17: < 0.009 | BT17: < 0.016 | BU17: 0.11 | BV17: < 0.018 | BW17: 0.098 | BX17: < 0.015 | BY17: < 0.096 | BZ17: < 0.022 | CA17: 49.221361 | CB17: 2.139 | CC17: 8.567 | CD17: 70.883 | CE17: 7.421617 | CF17: 78.182019 | CG17: 14.396366
A18: ST61_A20_2 | B18: ST61 | C18: AUTUMN_2020 | D18: SALTED | E18: 2 | F18: 45.771769 | G18: -1.054261 | H18: 44165 | I18: 0.48263889 | J18: 6.1 | K18: 8.036 | L18: 32 | M18: =1.554*L18+0.4349 -> 50.1629 | N18: -54.9 | O18: 7.5 | P18: 9.7597217e+08 | Q18: 8.1333333 | R18: 3.1333333 | S18: 0.53333333 | T18: 12.555556 | U18: 1.2823529 | V18: 7.1329281 | W18: =U18/(U18+V18)*100 -> 15.238385 | X18: 6521.5351 | Y18: 22.807617 | Z18: 0.087357676 | AA18: 12.584747 | AB18: 28.745387 | AC18: 14.684865 | AD18: 23794.464 | AE18: 510.87947 | AF18: 24.413035 | AG18: 37.161366 | AH18: 1.8091873 | AI18: 45.101885 | AJ18: 83.719474 | AK18: 0.086572438 | AL18: 1.12 | AM18: 2.29 | AN18: 7.2 | AO18: 125.33 | AP18: 262.76 | AQ18: 74.751472 | AR18: < 0.018 | AS18: < 2.307 | AT18: < 0.057 | AU18: < 0.299 | AV18: < 0.018 | AW18: < 0.052 | AX18: < 2.406 | AY18: < 0.007 | AZ18: < 0.449 | BA18: < 0.028 | BB18: < 0.113 | BC18: < 0.004 | BD18: 0.036 | BE18: < 0.046 | BF18: 0.074 | BG18: < 0.009 | BH18: < 0.027 | BI18: 0.005 | BJ18: < 0.009 | BK18: < 0.009 | BL18: < 0.084 | BM18: < 0.009 | BN18: 0.106 | BO18: < 0.013 | BP18: 0.039 | BQ18: < 0.028 | BR18: < 0.014 | BS18: < 0.009 | BT18: < 0.016 | BU18: 0.11 | BV18: < 0.018 | BW18: 0.098 | BX18: < 0.015 | BY18: < 0.096 | BZ18: < 0.022 | CA18: 48.875626 | CB18: 1.844 | CC18: 7.862 | CD18: 305.097 | CE18: 9.557938 | CF18: 70.537252 | CG18: 19.904808
A19: ST61_A20_3 | B19: ST61 | C19: AUTUMN_2020 | D19: SALTED | E19: 3 | F19: 45.771769 | G19: -1.054261 | H19: 44165 | I19: 0.48611111 | J19: 6 | K19: 8.043 | L19: 32 | M19: =1.554*L19+0.4349 -> 50.1629 | N19: -55.3 | O19: 37 | P19: 6.4993217e+08 | Q19: 7 | R19: 3.2666667 | S19: 0.46666667 | T19: 11.611111 | U19: 1.5445545 | V19: 6.6544417 | W19: =U19/(U19+V19)*100 -> 18.838336 | X19: 6609.5918 | Y19: 18.81206 | Z19: 0.095798386 | AA19: 12.435903 | AB19: 27.9618 | AC19: 13.885141 | AD19: 22782.327 | AE19: 566.52224 | AF19: 23.767739 | AG19: 36.451087 | AH19: 1.6347339 | AI19: 44.207974 | AJ19: 82.552172 | AK19: 0.080494495 | AL19: 0 | AM19: 5.74 | AN19: 14.54 | AO19: 168.95 | AP19: 297.12 | AQ19: 27.475884 | AR19: < 0.018 | AS19: < 2.307 | AT19: < 0.057 | AU19: < 0.299 | AV19: < 0.018 | AW19: < 0.052 | AX19: < 2.406 | AY19: < 0.007 | AZ19: < 0.449 | BA19: < 0.028 | BB19: < 0.113 | BC19: < 0.004 | BD19: 0.036 | BE19: < 0.046 | BF19: 0.074 | BG19: < 0.009 | BH19: < 0.027 | BI19: 0.005 | BJ19: < 0.009 | BK19: < 0.009 | BL19: < 0.084 | BM19: < 0.009 | BN19: 0.106 | BO19: < 0.013 | BP19: 0.039 | BQ19: < 0.028 | BR19: < 0.014 | BS19: < 0.009 | BT19: < 0.016 | BU19: 0.11 | BV19: < 0.018 | BW19: 0.098 | BX19: < 0.015 | BY19: < 0.096 | BZ19: < 0.022 | CA19: 48.418654 | CB19: 2.011 | CC19: 7.789 | CD19: 49.851 | CE19: 8.223179 | CF19: 80.924443 | CG19: 10.852379
A20: ST63_A20_1 | B20: ST63 | C20: AUTUMN_2020 | D20: BRACKISH | E20: 1 | F20: 45.323742 | G20: -0.70269 | H20: 44172 | I20: 0.44791667 | J20: 6.4 | K20: 7.675 | L20: 6.3 | M20: 11.35 | N20: -36 | O20: =AVERAGE(O21:O22) -> 13.5 | P20: 99370342 | Q20: 9.6666667 | R20: 0 | S20: 0.13333333 | T20: 11.044444 | U20: 0.27963526 | V20: 0.4717744 | W20: =U20/(U20+V20)*100 -> 37.214754 | X20: 4405.4153 | Y20: 28.690752 | Z20: 0.10170604 | AA20: 13.127412 | AB20: 33.818898 | AC20: 19.737726 | AD20: 28329.474 | AE20: 356.82608 | AF20: 28.188204 | AG20: 33.966342 | AH20: 3.7150687 | AI20: 35.524355 | AJ20: 100.4406 | AK20: 0.12351397 | AL20: =AVERAGE(AL21:AL22) -> 0 | AM20: =AVERAGE(AM21:AM22) -> 0.65 | AN20: =AVERAGE(AN21:AN22) -> 8.68 | AO20: 194.17 | AP20: =AVERAGE(AP21:AP22) -> 175.45 | AQ20: 53.284497 | AR20: < 0.019 | AS20: < 2.448 | AT20: < 0.061 | AU20: < 0.317 | AV20: < 0.019 | AW20: < 0.055 | AX20: < 2.553 | AY20: < 0.007 | AZ20: < 0.476 | BA20: < 0.030 | BB20: < 0.120 | BC20: < 0.004 | BD20: 0.046 | BE20: < 0.049 | BF20: 0.086 | BG20: < 0.010 | BH20: < 0.028 | BI20: 0.004 | BJ20: < 0.009 | BK20: < 0.010 | BL20: < 0.089 | BM20: < 0.009 | BN20: 0.141 | BO20: < 0.014 | BP20: 0.028 | BQ20: < 0.029 | BR20: < 0.015 | BS20: < 0.010 | BT20: < 0.017 | BU20: 0.08 | BV20: < 0.019 | BW20: 0.112 | BX20: < 0.016 | BY20: < 0.102 | BZ20: 0.045 | CA20: 46.563377 | CB20: 1.653 | CC20: 6.122 | CD20: 34.891 | CE20: 11.558673 | CF20: 80.471885 | CG20: 7.969441
A21: ST63_A20_2 | B21: ST63 | C21: AUTUMN_2020 | D21: BRACKISH | E21: 2 | F21: 45.323742 | G21: -0.70269 | H21: 44172 | I21: 0.45625 | J21: 6.7 | K21: 7.698 | L21: 5 | M21: 8.9 | N21: -35.4 | O21: 13 | P21: 5.5478215e+08 | Q21: 12.533333 | R21: 0.33333333 | S21: 0.13333333 | T21: 14.644444 | U21: 1.889065 | V21: 7.385225 | W21: =U21/(U21+V21)*100 -> 20.368837 | X21: 4248.9134 | Y21: 18.487615 | Z21: 0.22693181 | AA21: 18.414516 | AB21: 29.091888 | AC21: 20.817339 | AD21: 23449.363 | AE21: 348.44994 | AF21: 29.641525 | AG21: 47.309512 | AH21: 2.7770299 | AI21: 33.67918 | AJ21: 152.65145 | AK21: 0.12462018 | AL21: 0 | AM21: 0.79 | AN21: 5.7 | AO21: 48.9 | AP21: 177.22 | AQ21: 26.787669 | AR21: < 0.019 | AS21: < 2.448 | AT21: < 0.061 | AU21: < 0.317 | AV21: < 0.019 | AW21: < 0.055 | AX21: < 2.553 | AY21: < 0.007 | AZ21: < 0.476 | BA21: < 0.030 | BB21: < 0.120 | BC21: < 0.004 | BD21: 0.046 | BE21: < 0.049 | BF21: 0.086 | BG21: < 0.010 | BH21: < 0.028 | BI21: 0.004 | BJ21: < 0.009 | BK21: < 0.010 | BL21: < 0.089 | BM21: < 0.009 | BN21: 0.141 | BO21: < 0.014 | BP21: 0.028 | BQ21: < 0.029 | BR21: < 0.015 | BS21: < 0.010 | BT21: < 0.017 | BU21: 0.08 | BV21: < 0.019 | BW21: 0.112 | BX21: < 0.016 | BY21: < 0.102 | BZ21: 0.045 | CA21: 45.255174 | CB21: 1.797 | CC21: 8.966 | CD21: 115.227 | CE21: 9.987153 | CF21: 73.005952 | CG21: 17.006896
A22: ST63_A20_3 | B22: ST63 | C22: AUTUMN_2020 | D22: BRACKISH | E22: 3 | F22: 45.323742 | G22: -0.70269 | H22: 44172 | I22: 0.46527778 | J22: 7.2 | K22: =AVERAGE(K20:K21) -> 7.6865 | L22: =AVERAGE(L20:L21) -> 5.65 | M22: =AVERAGE(M20:M21) -> 10.125 | N22: =AVERAGE(N20:N21) -> -35.7 | O22: 14 | P22: 9.612475e+08 | Q22: 8.4666667 | R22: 1.1333333 | S22: 0.2 | T22: 10.511111 | U22: 14.323575 | V22: 11.591128 | W22: =U22/(U22+V22)*100 -> 55.272 | X22: 4330.7742 | Y22: 21.382701 | Z22: 0.27022427 | AA22: 18.878144 | AB22: 40.083204 | AC22: 25.53799 | AD22: 28160.054 | AE22: 549.35895 | AF22: 34.058281 | AG22: 59.906963 | AH22: 3.0029121 | AI22: 40.83223 | AJ22: 187.40082 | AK22: 0.17453954 | AL22: 0 | AM22: 0.51 | AN22: 11.66 | AO22: 68.1 | AP22: 173.68 | AQ22: 19.703258 | AR22: < 0.019 | AS22: < 2.448 | AT22: < 0.061 | AU22: < 0.317 | AV22: < 0.019 | AW22: < 0.055 | AX22: < 2.553 | AY22: < 0.007 | AZ22: < 0.476 | BA22: < 0.030 | BB22: < 0.120 | BC22: < 0.004 | BD22: 0.046 | BE22: < 0.049 | BF22: 0.086 | BG22: < 0.010 | BH22: < 0.028 | BI22: 0.004 | BJ22: < 0.009 | BK22: < 0.010 | BL22: < 0.089 | BM22: < 0.009 | BN22: 0.141 | BO22: < 0.014 | BP22: 0.028 | BQ22: < 0.029 | BR22: < 0.015 | BS22: < 0.010 | BT22: < 0.017 | BU22: 0.08 | BV22: < 0.019 | BW22: 0.112 | BX22: < 0.016 | BY22: < 0.102 | BZ22: 0.045 | CA22: 65.839374 | CB22: 1.555 | CC22: 6.785 | CD22: 35.968 | CE22: 12.595853 | CF22: 79.653474 | CG22: 7.750669
A23: STRAPH_A20_1 | B23: STRAPH | C23: AUTUMN_2020 | D23: FRESHWATER | E23: 1 | F23: 45.996237 | G23: -0.793843 | H23: 44166 | I23: 0.39583333 | J23: 6.5 | K23: 7.254 | L23: 0.4 | M23: 0.975 | N23: -12.1 | O23: 11 | P23: 6.1923687e+08 | Q23: 0.88333333 | R23: 0.25 | S23: 0.13333333 | T23: 1.6277778 | U23: 18.501718 | V23: 41.132635 | W23: =U23/(U23+V23)*100 -> 31.025269 | X23: 7124.0953 | Y23: 14.936703 | Z23: 0.069175097 | AA23: 11.605242 | AB23: 32.020473 | AC23: 11.291235 | AD23: 24048.543 | AE23: 431.27474 | AF23: 25.177536 | AG23: 36.246951 | AH23: 2.0812507 | AI23: 35.549402 | AJ23: 98.125275 | AK23: 0.068375385 | AL23: 0 | AM23: 0.31 | AN23: 1.21 | AO23: 290.11 | AP23: 125.24 | AQ23: 57.184029 | AR23: < 0.018 | AS23: < 2.376 | AT23: < 0.059 | AU23: < 0.308 | AV23: < 0.018 | AW23: < 0.054 | AX23: < 2.477 | AY23: < 0.007 | AZ23: < 0.462 | BA23: < 0.029 | BB23: < 0.117 | BC23: < 0.004 | BD23: < 0.030 | BE23: < 0.048 | BF23: < 0.049 | BG23: < 0.009 | BH23: < 0.027 | BI23: < 0.004 | BJ23: < 0.009 | BK23: < 0.009 | BL23: < 0.086 | BM23: < 0.009 | BN23: 0.024 | BO23: < 0.013 | BP23: < 0.014 | BQ23: < 0.029 | BR23: < 0.015 | BS23: < 0.009 | BT23: < 0.017 | BU23: < 0.010 | BV23: < 0.018 | BW23: < 0.027 | BX23: < 0.015 | BY23: < 0.099 | BZ23: < 0.023 | CA23: 59.172059 | CB23: 2.046 | CC23: 9.243 | CD23: 49.442 | CE23: 8.055336 | CF23: 80.982892 | CG23: 10.961773
A24: STRAPH_A20_2 | B24: STRAPH | C24: AUTUMN_2020 | D24: FRESHWATER | E24: 2 | F24: 45.996237 | G24: -0.793843 | H24: 44166 | I24: 0.40625 | J24: 6.2 | K24: 7.212 | L24: 0.4 | M24: 1.032 | N24: -8.8 | O24: 12 | P24: 5.7598548e+08 | Q24: 2.2333333 | R24: 0.43333333 | S24: 0.76666667 | T24: 6.7222222 | U24: 18.900154 | V24: 43.054255 | W24: =U24/(U24+V24)*100 -> 30.506551 | X24: 6727.6687 | Y24: 11.298671 | Z24: 0.077159914 | AA24: 10.992491 | AB24: 31.460782 | AC24: 10.484042 | AD24: 22868.434 | AE24: 540.0612 | AF24: 24.221079 | AG24: 34.675027 | AH24: 2.2152968 | AI24: 34.663388 | AJ24: 98.687718 | AK24: 0.064393797 | AL24: 0.04 | AM24: 0.3 | AN24: 1.344 | AO24: 274.47 | AP24: 150.522 | AQ24: 39.374643 | AR24: < 0.018 | AS24: < 2.376 | AT24: < 0.059 | AU24: < 0.308 | AV24: < 0.018 | AW24: < 0.054 | AX24: < 2.477 | AY24: < 0.007 | AZ24: < 0.462 | BA24: < 0.029 | BB24: < 0.117 | BC24: < 0.004 | BD24: < 0.030 | BE24: < 0.048 | BF24: < 0.049 | BG24: < 0.009 | BH24: < 0.027 | BI24: < 0.004 | BJ24: < 0.009 | BK24: < 0.009 | BL24: < 0.086 | BM24: < 0.009 | BN24: 0.024 | BO24: < 0.013 | BP24: < 0.014 | BQ24: < 0.029 | BR24: < 0.015 | BS24: < 0.009 | BT24: < 0.017 | BU24: < 0.010 | BV24: < 0.018 | BW24: < 0.027 | BX24: < 0.015 | BY24: < 0.099 | BZ24: < 0.023 | CA24: 63.429721 | CB24: 2.008 | CC24: 7.615 | CD24: 33.398 | CE24: 8.196883 | CF24: 85.541286 | CG24: 6.261829
A25: STRAPH_A20_3 | B25: STRAPH | C25: AUTUMN_2020 | D25: FRESHWATER | E25: 3 | F25: 45.996237 | G25: -0.793843 | H25: 44166 | I25: 0.40972222 | J25: 6.6 | K25: 7.09 | L25: 0.4 | M25: 1.012 | N25: -2.2 | O25: 11 | P25: 6.0716362e+08 | Q25: 2.8666667 | R25: 0.6 | S25: 0.56666667 | T25: 6.1111111 | U25: 26.528363 | V25: 57.336598 | W25: =U25/(U25+V25)*100 -> 31.632237 | X25: 6531.8891 | Y25: 10.559008 | Z25: 0.069921226 | AA25: 11.087121 | AB25: 31.59265 | AC25: 10.675508 | AD25: 22451.037 | AE25: 445.96372 | AF25: 24.537111 | AG25: 31.50972 | AH25: 1.8735998 | AI25: 34.607032 | AJ25: 91.490749 | AK25: 0.062874901 | AL25: 0.05 | AM25: 0.27 | AN25: 0.986 | AO25: 282.19 | AP25: 193.904 | AQ25: 55.395747 | AR25: < 0.018 | AS25: < 2.376 | AT25: < 0.059 | AU25: < 0.308 | AV25: < 0.018 | AW25: < 0.054 | AX25: < 2.477 | AY25: < 0.007 | AZ25: < 0.462 | BA25: < 0.029 | BB25: < 0.117 | BC25: < 0.004 | BD25: < 0.030 | BE25: < 0.048 | BF25: < 0.049 | BG25: < 0.009 | BH25: < 0.027 | BI25: < 0.004 | BJ25: < 0.009 | BK25: < 0.009 | BL25: < 0.086 | BM25: < 0.009 | BN25: 0.024 | BO25: < 0.013 | BP25: < 0.014 | BQ25: < 0.029 | BR25: < 0.015 | BS25: < 0.009 | BT25: < 0.017 | BU25: < 0.010 | BV25: < 0.018 | BW25: < 0.027 | BX25: < 0.015 | BY25: < 0.099 | BZ25: < 0.023 | CA25: 67.270487 | CB25: 1.919 | CC25: 7.61 | CD25: 34.755 | CE25: 8.910215 | CF25: 84.245352 | CG25: 6.844433
A26: ST6_P21_1 | B26: ST6 | C26: SPRING_2021 | D26: FRESHWATER | E26: 1 | F26: 46.28213 | G26: -0.969368 | H26: 44293 | I26: 0.40277778 | J26: 9.2 | K26: 7.454 | L26: 0.7 | M26: =1.554*L26+0.4349 -> 1.5227 | N26: -42.5 | O26: 8.9 | P26: 6.2939785e+08 | Q26: 1.6666667 | R26: 2.8666667 | S26: 0.73333333 | T26: 7.2222222 | U26: 17.579085 | V26: 24.265431 | W26: =U26/(U26+V26)*100 -> 42.010487 | X26: 4401.87 | Y26: 8.64 | Z26: 0.1 | AA26: 6.95 | AB26: 23.8 | AC26: 12.25 | AD26: 19975.86 | AE26: 553.91 | AF26: 18.05 | AG26: 14.45 | AH26: < 0.4 | AI26: 29.48 | AJ26: 74.18 | AK26: 0.07 | AL26: 0 | AM26: 0.28 | AN26: 2.594 | AO26: 437.532 | AP26: 224.928 | AQ26: 43.586763 | AR26: < 0.008 | AS26: < 2.988 | AT26: < 0.061 | AU26: < 0.312 | AV26: < 0.015 | AW26: < 0.056 | AX26: < 2.376 | AY26: < 0.005 | AZ26: < 0.477 | BA26: < 0.040 | BB26: < 0.166 | BC26: < 0.004 | BD26: < 0.049 | BE26: < 0.048 | BF26: < 0.049 | BG26: < 0.009 | BH26: < 0.027 | BI26: < 0.004 | BJ26: < 0.008 | BK26: < 0.009 | BL26: < 0.068 | BM26: < 0.007 | BN26: < 0.068 | BO26: < 0.025 | BP26: < 0.009 | BQ26: < 0.027 | BR26: < 0.016 | BS26: < 0.009 | BT26: < 0.067 | BU26: < 0.010 | BV26: < 0.017 | BW26: < 0.029 | BX26: < 0.013 | BY26: < 0.097 | BZ26: 0.026 | CA26: 63.414797 | CB26: 3.569 | CC26: 113.444 | CD26: 1012.508 | CE26: 3.923251 | CF26: 38.433541 | CG26: 57.643209
A27: ST6_P21_2 | B27: ST6 | C27: SPRING_2021 | D27: FRESHWATER | E27: 2 | F27: 46.28213 | G27: -0.969368 | H27: 44293 | I27: 0.42708333 | J27: 10.7 | K27: 7.347 | L27: 0.7 | M27: =1.554*L27+0.4349 -> 1.5227 | N27: -36 | O27: 8.7 | P27: 6.3620675e+08 | Q27: 3.5666667 | R27: 4.3333333 | S27: 0.53333333 | T27: 9.1777778 | U27: 13.091661 | V27: 35.172262 | W27: =U27/(U27+V27)*100 -> 27.125148 | X27: 4450.58 | Y27: 8.81 | Z27: 0.1 | AA27: 6.86 | AB27: 26.44 | AC27: 10.48 | AD27: 22680.51 | AE27: 373.31 | AF27: 19.29 | AG27: 14.23 | AH27: < 0.39 | AI27: 31.24 | AJ27: 78.95 | AK27: 0.06 | AL27: 0 | AM27: 0.196 | AN27: 1.02 | AO27: 446.884 | AP27: 151.232 | AQ27: 35.77636 | AR27: < 0.008 | AS27: < 2.988 | AT27: < 0.061 | AU27: < 0.312 | AV27: < 0.015 | AW27: < 0.056 | AX27: < 2.376 | AY27: < 0.005 | AZ27: < 0.477 | BA27: < 0.040 | BB27: < 0.166 | BC27: < 0.004 | BD27: < 0.049 | BE27: < 0.048 | BF27: < 0.049 | BG27: < 0.009 | BH27: < 0.027 | BI27: < 0.004 | BJ27: < 0.008 | BK27: < 0.009 | BL27: < 0.068 | BM27: < 0.007 | BN27: < 0.068 | BO27: < 0.025 | BP27: < 0.009 | BQ27: < 0.027 | BR27: < 0.016 | BS27: < 0.009 | BT27: < 0.067 | BU27: < 0.010 | BV27: < 0.017 | BW27: < 0.029 | BX27: < 0.013 | BY27: < 0.097 | BZ27: 0.026 | CA27: 65.318785 | CB27: 2.003 | CC27: 8.423 | CD27: 44.289 | CE27: 8.331711 | CF27: 82.054848 | CG27: 9.613442
A28: ST6_P21_3 | B28: ST6 | C28: SPRING_2021 | D28: FRESHWATER | E28: 3 | F28: 46.28213 | G28: -0.969368 | H28: 44293 | I28: 0.40972222 | J28: 11 | K28: 7.393 | L28: 0.7 | M28: =1.554*L28+0.4349 -> 1.5227 | N28: -38.9 | O28: 6.9 | P28: 9.2601062e+08 | Q28: 1.6333333 | R28: 3.4333333 | S28: 0.66666667 | T28: 7.5333333 | U28: 21.810505 | V28: 23.283225 | W28: =U28/(U28+V28)*100 -> 48.367045 | X28: 4665.96 | Y28: 7.9 | Z28: 0.08 | AA28: 6.35 | AB28: 24.25 | AC28: 10.14 | AD28: 21677.2 | AE28: 363.7 | AF28: 17.87 | AG28: 12.96 | AH28: < 0.41 | AI28: 28.75 | AJ28: 70.35 | AK28: 0.06 | AL28: 0.298 | AM28: 0.318 | AN28: 1.396 | AO28: 282.168 | AP28: 149.604 | AQ28: 37.312762 | AR28: < 0.008 | AS28: < 2.988 | AT28: < 0.061 | AU28: < 0.312 | AV28: < 0.015 | AW28: < 0.056 | AX28: < 2.376 | AY28: < 0.005 | AZ28: < 0.477 | BA28: < 0.040 | BB28: < 0.166 | BC28: < 0.004 | BD28: < 0.049 | BE28: < 0.048 | BF28: < 0.049 | BG28: < 0.009 | BH28: < 0.027 | BI28: < 0.004 | BJ28: < 0.008 | BK28: < 0.009 | BL28: < 0.068 | BM28: < 0.007 | BN28: < 0.068 | BO28: < 0.025 | BP28: < 0.009 | BQ28: < 0.027 | BR28: < 0.016 | BS28: < 0.009 | BT28: < 0.067 | BU28: < 0.010 | BV28: < 0.017 | BW28: < 0.029 | BX28: < 0.013 | BY28: < 0.097 | BZ28: 0.026 | CA28: 52.406968 | CB28: 1.831 | CC28: 8.985 | CD28: 168.178 | CE28: 9.683883 | CF28: 69.547775 | CG28: 20.768343
A29: ST75_P21_1 | B29: St75 | C29: SPRING_2021 | D29: BRACKISH | E29: 1 | F29: 45.883995 | G29: -1.055508 | H29: 44294 | I29: 0.44791667 | J29: 10.8 | K29: 7.343 | L29: 2.1 | M29: =1.554*L29+0.4349 -> 3.6983 | N29: -36.4 | O29: 16 | P29: 1.9608732e+09 | Q29: 3.2 | R29: 20.4 | S29: 1.8666667 | T29: 28.4 | U29: 17.90954 | V29: 65.915149 | W29: =U29/(U29+V29)*100 -> 21.365471 | X29: 4855.88 | Y29: 21.07 | Z29: 0.11 | AA29: 8.7 | AB29: 29.8 | AC29: 15.02 | AD29: 28579.93 | AE29: 656.55 | AF29: 23.95 | AG29: 14.16 | AH29: < 0.4 | AI29: 45.83 | AJ29: 104.6 | AK29: 0.08 | AL29: 0 | AM29: 0.36 | AN29: 9.225 | AO29: 307.9 | AP29: 149.85 | AQ29: 46.883128 | AR29: < 0.019 | AS29: < 2.399 | AT29: < 0.059 | AU29: < 0.311 | AV29: < 0.019 | AW29: < 0.054 | AX29: < 2.502 | AY29: < 0.007 | AZ29: < 0.467 | BA29: < 0.029 | BB29: < 0.118 | BC29: < 0.004 | BD29: < 0.030 | BE29: < 0.048 | BF29: < 0.049 | BG29: < 0.010 | BH29: < 0.028 | BI29: < 0.004 | BJ29: < 0.009 | BK29: < 0.010 | BL29: < 0.087 | BM29: < 0.009 | BN29: 0.033 | BO29: < 0.013 | BP29: < 0.015 | BQ29: < 0.029 | BR29: < 0.015 | BS29: < 0.009 | BT29: < 0.017 | BU29: < 0.010 | BV29: < 0.018 | BW29: < 0.027 | BX29: < 0.015 | BY29: < 0.100 | BZ29: < 0.023 | CA29: 67.148511 | CB29: 1.993 | CC29: 9.491 | CD29: 51.857 | CE29: 8.41268 | CF29: 80.168641 | CG29: 11.418678
A30: ST75_P21_2 | B30: St75 | C30: SPRING_2021 | D30: BRACKISH | E30: 2 | F30: 45.883995 | G30: -1.055508 | H30: 44294 | I30: 0.43888889 | J30: 11 | K30: 7.228 | L30: 2 | M30: =1.554*L30+0.4349 -> 3.5429 | N30: -29.9 | O30: 18 | P30: 1.9396111e+09 | Q30: 3.2 | R30: 16.8 | S30: 2.2666667 | T30: 24.177778 | U30: 14.278071 | V30: 72.244269 | W30: =U30/(U30+V30)*100 -> 16.502178 | X30: 4944.7 | Y30: 18.78 | Z30: 0.1 | AA30: 8.76 | AB30: 28.44 | AC30: 14 | AD30: 26869.95 | AE30: 619.75 | AF30: 22.66 | AG30: 14.28 | AH30: < 0.4 | AI30: 43.89 | AJ30: 89.62 | AK30: 0.08 | AL30: 0 | AM30: 0.462 | AN30: 10.414 | AO30: 354.083 | AP30: 144.617 | AQ30: 64.289776 | AR30: < 0.019 | AS30: < 2.399 | AT30: < 0.059 | AU30: < 0.311 | AV30: < 0.019 | AW30: < 0.054 | AX30: < 2.502 | AY30: < 0.007 | AZ30: < 0.467 | BA30: < 0.029 | BB30: < 0.118 | BC30: < 0.004 | BD30: < 0.030 | BE30: < 0.048 | BF30: < 0.049 | BG30: < 0.010 | BH30: < 0.028 | BI30: < 0.004 | BJ30: < 0.009 | BK30: < 0.010 | BL30: < 0.087 | BM30: < 0.009 | BN30: 0.033 | BO30: < 0.013 | BP30: < 0.015 | BQ30: < 0.029 | BR30: < 0.015 | BS30: < 0.009 | BT30: < 0.017 | BU30: < 0.010 | BV30: < 0.018 | BW30: < 0.027 | BX30: < 0.015 | BY30: < 0.100 | BZ30: < 0.023 | CA30: 65.909756 | CB30: 2.073 | CC30: 8.446 | CD30: 84.946 | CE30: 7.8165 | CF30: 77.493976 | CG30: 14.689523
A31: ST75_P21_3 | B31: St75 | C31: SPRING_2021 | D31: BRACKISH | E31: 3 | F31: 45.883995 | G31: -1.055508 | H31: 44294 | I31: 0.4125 | J31: 10.7 | K31: 7.28 | L31: 2 | M31: =1.554*L31+0.4349 -> 3.5429 | N31: -33 | O31: 18 | P31: 1.6505101e+09 | Q31: 2.1333333 | R31: 19.866667 | S31: 0.93333333 | T31: 24.222222 | U31: 21.760633 | V31: 54.076471 | W31: =U31/(U31+V31)*100 -> 28.693913 | X31: 5021.68 | Y31: 19.64 | Z31: 0.1 | AA31: 8.88 | AB31: 31.03 | AC31: 14.39 | AD31: 29365.85 | AE31: 647.61 | AF31: 23.86 | AG31: 13.89 | AH31: < 0.4 | AI31: 44.04 | AJ31: 93.07 | AK31: 0.08 | AL31: 0 | AM31: 0.303 | AN31: 4.594 | AO31: 362.506 | AP31: 155.958 | AQ31: 43.868396 | AR31: < 0.019 | AS31: < 2.399 | AT31: < 0.059 | AU31: < 0.311 | AV31: < 0.019 | AW31: < 0.054 | AX31: < 2.502 | AY31: < 0.007 | AZ31: < 0.467 | BA31: < 0.029 | BB31: < 0.118 | BC31: < 0.004 | BD31: < 0.030 | BE31: < 0.048 | BF31: < 0.049 | BG31: < 0.010 | BH31: < 0.028 | BI31: < 0.004 | BJ31: < 0.009 | BK31: < 0.010 | BL31: < 0.087 | BM31: < 0.009 | BN31: 0.033 | BO31: < 0.013 | BP31: < 0.015 | BQ31: < 0.029 | BR31: < 0.015 | BS31: < 0.009 | BT31: < 0.017 | BU31: < 0.010 | BV31: < 0.018 | BW31: < 0.027 | BX31: < 0.015 | BY31: < 0.100 | BZ31: < 0.023 | CA31: 67.792783 | CB31: 1.818 | CC31: 7.6 | CD31: 39.043 | CE31: 9.78876 | CF31: 81.750908 | CG31: 8.460333
A32: ST16_P21_1 | B32: ST16 | C32: SPRING_2021 | D32: SALTED | E32: 1 | F32: 46.23537 | G32: -1.514997 | H32: 44298 | I32: 0.42291667 | J32: 11.1 | K32: 7.445 | L32: 33.9 | M32: =1.554*L32+0.4349 -> 53.1155 | N32: -40.7 | O32: 8 | P32: 1.0837958e+10 | Q32: 174.53333 | R32: 4 | S32: 0.93333333 | T32: 180.31111 | U32: 16.67511 | V32: 28.072857 | W32: =U32/(U32+V32)*100 -> 37.264509 | X32: 4301.97 | Y32: 10.99 | Z32: 0.12 | AA32: 4.06 | AB32: 18.54 | AC32: 9.49 | AD32: 15004.82 | AE32: 200.29 | AF32: 10.98 | AG32: 10.33 | AH32: < 0.4 | AI32: 26.27 | AJ32: 59.59 | AK32: 0.06 | AL32: 0 | AM32: 1.402 | AN32: 14.906 | AO32: 142.552 | AP32: 130.336 | AQ32: 34.52309 | AR32: 0.009 | AS32: < 2.794 | AT32: < 0.057 | AU32: < 0.292 | AV32: < 0.014 | AW32: < 0.052 | AX32: < 2.222 | AY32: < 0.005 | AZ32: < 0.446 | BA32: < 0.037 | BB32: < 0.155 | BC32: < 0.004 | BD32: < 0.046 | BE32: < 0.045 | BF32: 0.068 | BG32: < 0.009 | BH32: < 0.025 | BI32: < 0.004 | BJ32: < 0.007 | BK32: < 0.009 | BL32: < 0.064 | BM32: < 0.007 | BN32: < 0.063 | BO32: < 0.024 | BP32: 0.01 | BQ32: < 0.025 | BR32: < 0.015 | BS32: < 0.008 | BT32: < 0.063 | BU32: 0.03 | BV32: < 0.016 | BW32: < 0.027 | BX32: < 0.012 | BY32: < 0.091 | BZ32: < 0.015 | CA32: 47.641596 | CB32: 2.486 | CC32: 10.581 | CD32: 133.865 | CE32: 5.769831 | CF32: 68.995128 | CG32: 25.23504
A33: ST16_P21_2 | B33: ST16 | C33: SPRING_2021 | D33: SALTED | E33: 2 | F33: 46.23537 | G33: -1.514997 | H33: 44298 | I33: 0.42708333 | J33: 10 | K33: 7.841 | L33: 33.6 | M33: =1.554*L33+0.4349 -> 52.6493 | N33: -62.5 | O33: 6.6 | P33: 1.8466291e+09 | Q33: 116.53333 | R33: 4.8 | S33: 2.1333333 | T33: 125.6 | U33: 4.1701863 | V33: 6.2030122 | W33: =U33/(U33+V33)*100 -> 40.201547 | X33: 4243.43 | Y33: 14.34 | Z33: 0.09 | AA33: 4.03 | AB33: 16.31 | AC33: 7.44 | AD33: 15860.23 | AE33: 215.63 | AF33: 11.07 | AG33: 9.18 | AH33: < 0.4 | AI33: 26.04 | AJ33: 41.65 | AK33: 0.04 | AL33: 0.856 | AM33: 0.764 | AN33: 4.02 | AO33: 103.1 | AP33: 29.308 | AQ33: 40.782847 | AR33: 0.009 | AS33: < 2.794 | AT33: < 0.057 | AU33: < 0.292 | AV33: < 0.014 | AW33: < 0.052 | AX33: < 2.222 | AY33: < 0.005 | AZ33: < 0.446 | BA33: < 0.037 | BB33: < 0.155 | BC33: < 0.004 | BD33: < 0.046 | BE33: < 0.045 | BF33: 0.068 | BG33: < 0.009 | BH33: < 0.025 | BI33: < 0.004 | BJ33: < 0.007 | BK33: < 0.009 | BL33: < 0.064 | BM33: < 0.007 | BN33: < 0.063 | BO33: < 0.024 | BP33: 0.01 | BQ33: < 0.025 | BR33: < 0.015 | BS33: < 0.008 | BT33: < 0.063 | BU33: 0.03 | BV33: < 0.016 | BW33: < 0.027 | BX33: < 0.012 | BY33: < 0.091 | BZ33: < 0.015 | CA33: 40.443274 | CB33: 2.179 | CC33: 10.157 | CD33: 121.439 | CE33: 7.295182 | CF33: 66.36494 | CG33: 26.339876
A34: ST16_P21_3 | B34: ST16 | C34: SPRING_2021 | D34: SALTED | E34: 3 | F34: 46.23537 | G34: -1.514997 | H34: 44298 | I34: 0.43055556 | J34: 10.2 | K34: 7.548 | L34: 34.3 | M34: =1.554*L34+0.4349 -> 53.7371 | N34: -46.8 | O34: 7.9 | P34: 1.1247967e+10 | Q34: 111.2 | R34: 7.2 | S34: 3.2 | T34: 124.8 | U34: 17.235072 | V34: 16.646987 | W34: =U34/(U34+V34)*100 -> 50.86784 | X34: 3962.06 | Y34: 8.22 | Z34: 0.11 | AA34: 3.13 | AB34: 14.54 | AC34: 7.08 | AD34: 11880.85 | AE34: 177.61 | AF34: 8.22 | AG34: 9.06 | AH34: < 0.4 | AI34: 20.43 | AJ34: 46.88 | AK34: 0.04 | AL34: 0.302 | AM34: 1.248 | AN34: 25.844 | AO34: 162.274 | AP34: 167.808 | AQ34: 43.671348 | AR34: 0.009 | AS34: < 2.794 | AT34: < 0.057 | AU34: < 0.292 | AV34: < 0.014 | AW34: < 0.052 | AX34: < 2.222 | AY34: < 0.005 | AZ34: < 0.446 | BA34: < 0.037 | BB34: < 0.155 | BC34: < 0.004 | BD34: < 0.046 | BE34: < 0.045 | BF34: 0.068 | BG34: < 0.009 | BH34: < 0.025 | BI34: < 0.004 | BJ34: < 0.007 | BK34: < 0.009 | BL34: < 0.064 | BM34: < 0.007 | BN34: < 0.063 | BO34: < 0.024 | BP34: 0.01 | BQ34: < 0.025 | BR34: < 0.015 | BS34: < 0.008 | BT34: < 0.063 | BU34: 0.03 | BV34: < 0.016 | BW34: < 0.027 | BX34: < 0.012 | BY34: < 0.091 | BZ34: < 0.015 | CA34: 49.671003 | CB34: 2.333 | CC34: 14.098 | CD34: 146.066 | CE34: 6.642665 | CF34: 59.627681 | CG34: 33.729655
A35: ST13_P21_1 | B35: ST13 | C35: SPRING_2021 | D35: BRACKISH | E35: 1 | F35: 46.262243 | G35: -1.106867 | H35: 44298 | I35: 0.52083333 | J35: 12.5 | K35: 7.437 | L35: 9.2 | M35: =1.554*L35+0.4349 -> 14.7317 | N35: -40.5 | O35: 6.2 | P35: 5.2397492e+09 | Q35: 14.2 | R35: 24.466667 | S35: 1.1333333 | T35: 41.488889 | U35: 22.388794 | V35: 34.29529 | W35: =U35/(U35+V35)*100 -> 39.497496 | X35: 5256.84 | Y35: 17.3 | Z35: 0.11 | AA35: 7.87 | AB35: 30.43 | AC35: 14.56 | AD35: 27627.42 | AE35: 703.58 | AF35: 21.91 | AG35: 14.96 | AH35: < 0.41 | AI35: 43.37 | AJ35: 100.64 | AK35: 0.07 | AL35: 0.052 | AM35: 0.576 | AN35: 3.584 | AO35: 211.158 | AP35: 184.326 | AQ35: 51.928438 | AR35: < 0.008 | AS35: < 3.048 | AT35: < 0.062 | AU35: < 0.319 | AV35: < 0.015 | AW35: < 0.057 | AX35: < 2.424 | AY35: < 0.005 | AZ35: < 0.486 | BA35: < 0.040 | BB35: < 0.169 | BC35: < 0.005 | BD35: < 0.050 | BE35: < 0.049 | BF35: 0.082 | BG35: < 0.010 | BH35: < 0.028 | BI35: < 0.004 | BJ35: < 0.008 | BK35: < 0.009 | BL35: < 0.070 | BM35: < 0.007 | BN35: 0.08 | BO35: < 0.026 | BP35: 0.017 | BQ35: < 0.028 | BR35: < 0.017 | BS35: < 0.009 | BT35: < 0.069 | BU35: 0.053 | BV35: < 0.018 | BW35: 0.051 | BX35: < 0.014 | BY35: < 0.099 | BZ35: < 0.016 | CA35: 63.711459 | CB35: 1.761 | CC35: 7.791 | CD35: 54.717 | CE35: 10.312037 | CF35: 78.266147 | CG35: 11.421816
A36: ST13_P21_2 | B36: ST13 | C36: SPRING_2021 | D36: BRACKISH | E36: 2 | F36: 46.262243 | G36: -1.106867 | H36: 44298 | I36: 0.53055556 | J36: 12.6 | K36: 7.451 | L36: 9.1 | M36: =1.554*L36+0.4349 -> 14.5763 | N36: -40.3 | O36: 6.5 | P36: 5.279939e+09 | Q36: 5.5333333 | R36: 3.0666667 | S36: 0.2 | T36: 9.5333333 | U36: 27.179894 | V36: 42.217 | W36: =U36/(U36+V36)*100 -> 39.165866 | X36: 5241.46 | Y36: 19.87 | Z36: 0.1 | AA36: 8.17 | AB36: 30.89 | AC36: 15.02 | AD36: 29003.96 | AE36: 582.86 | AF36: 22.79 | AG36: 14.48 | AH36: < 0.4 | AI36: 43.21 | AJ36: 97.81 | AK36: 0.07 | AL36: 0.118 | AM36: 0.482 | AN36: 3.954 | AO36: 226.218 | AP36: 221.594 | AQ36: 42.505901 | AR36: < 0.008 | AS36: < 3.048 | AT36: < 0.062 | AU36: < 0.319 | AV36: < 0.015 | AW36: < 0.057 | AX36: < 2.424 | AY36: < 0.005 | AZ36: < 0.486 | BA36: < 0.040 | BB36: < 0.169 | BC36: < 0.005 | BD36: < 0.050 | BE36: < 0.049 | BF36: 0.082 | BG36: < 0.010 | BH36: < 0.028 | BI36: < 0.004 | BJ36: < 0.008 | BK36: < 0.009 | BL36: < 0.070 | BM36: < 0.007 | BN36: 0.08 | BO36: < 0.026 | BP36: 0.017 | BQ36: < 0.028 | BR36: < 0.017 | BS36: < 0.009 | BT36: < 0.069 | BU36: 0.053 | BV36: < 0.018 | BW36: 0.051 | BX36: < 0.014 | BY36: < 0.099 | BZ36: < 0.016 | CA36: 64.444836 | CB36: 1.795 | CC36: 7.11 | CD36: 27.464 | CE36: 10.000335 | CF36: 85.976727 | CG36: 4.022935
A37: ST13_P21_3 | B37: ST13 | C37: SPRING_2021 | D37: BRACKISH | E37: 3 | F37: 46.262243 | G37: -1.106867 | H37: 44298 | I37: 0.53819444 | J37: 13 | K37: 7.43 | L37: 6.8 | M37: =1.554*L37+0.4349 -> 11.0021 | N37: -40.5 | O37: 5.5 | P37: 3.8895254e+09 | Q37: 4.4 | R37: 23.066667 | S37: 1.8 | T37: 30 | U37: 11.52348 | V37: 25.84964 | W37: =U37/(U37+V37)*100 -> 30.833605 | X37: 5083.06 | Y37: 18.81 | Z37: 0.1 | AA37: 7.67 | AB37: 29.71 | AC37: 13.56 | AD37: 26922.48 | AE37: 734.73 | AF37: 21.74 | AG37: 13.81 | AH37: < 0.39 | AI37: 41.91 | AJ37: 88.21 | AK37: 0.06 | AL37: 0 | AM37: 0.404 | AN37: 1.902 | AO37: 246.452 | AP37: 142.336 | AQ37: 37.940317 | AR37: < 0.008 | AS37: < 3.048 | AT37: < 0.062 | AU37: < 0.319 | AV37: < 0.015 | AW37: < 0.057 | AX37: < 2.424 | AY37: < 0.005 | AZ37: < 0.486 | BA37: < 0.040 | BB37: < 0.169 | BC37: < 0.005 | BD37: < 0.050 | BE37: < 0.049 | BF37: 0.082 | BG37: < 0.010 | BH37: < 0.028 | BI37: < 0.004 | BJ37: < 0.008 | BK37: < 0.009 | BL37: < 0.070 | BM37: < 0.007 | BN37: 0.08 | BO37: < 0.026 | BP37: 0.017 | BQ37: < 0.028 | BR37: < 0.017 | BS37: < 0.009 | BT37: < 0.069 | BU37: 0.053 | BV37: < 0.018 | BW37: 0.051 | BX37: < 0.014 | BY37: < 0.099 | BZ37: < 0.016 | CA37: 60.356752 | CB37: 1.768 | CC37: 8.689 | CD37: 97.85 | CE37: 10.241711 | CF37: 73.913161 | CG37: 15.84513
A38: ST52_P21_1 | B38: ST52 | C38: SPRING_2021 | D38: SALTED | E38: 1 | F38: 45.961839 | G38: -1.278105 | H38: 44299 | I38: 0.47638889 | J38: 11.4 | K38: 7.666 | L38: 29.7 | M38: =1.554*L38+0.4349 -> 46.5887 | N38: -52 | O38: 9.6 | P38: 4.0151242e+09 | Q38: 63.2 | R38: 2.6666667 | S38: 2.1333333 | T38: 69.822222 | U38: 8.4272413 | V38: 13.533933 | W38: =U38/(U38+V38)*100 -> 38.373364 | X38: 4868.49 | Y38: 13.19 | Z38: 0.07 | AA38: 4.9 | AB38: 20.79 | AC38: 12.55 | AD38: 19521.83 | AE38: 287.66 | AF38: 14.31 | AG38: 14.85 | AH38: < 0.39 | AI38: 27.38 | AJ38: 68.19 | AK38: 0.05 | AL38: 0.066 | AM38: 0.339 | AN38: 1.89 | AO38: 96.626 | AP38: 35.417 | AQ38: 32.663975 | AR38: < 0.008 | AS38: < 2.874 | AT38: < 0.058 | AU38: < 0.300 | AV38: < 0.014 | AW38: < 0.054 | AX38: < 2.285 | AY38: < 0.005 | AZ38: < 0.459 | BA38: < 0.038 | BB38: < 0.159 | BC38: < 0.004 | BD38: 0.063 | BE38: < 0.046 | BF38: 0.147 | BG38: < 0.009 | BH38: < 0.026 | BI38: < 0.004 | BJ38: < 0.008 | BK38: < 0.009 | BL38: < 0.066 | BM38: < 0.007 | BN38: 0.143 | BO38: < 0.024 | BP38: 0.042 | BQ38: 0.039 | BR38: < 0.016 | BS38: < 0.008 | BT38: < 0.065 | BU38: 0.092 | BV38: < 0.017 | BW38: 0.155 | BX38: < 0.013 | BY38: < 0.094 | BZ38: < 0.015 | CA38: 51.726287 | CB38: 2.164 | CC38: 12.18 | CD38: 130.864 | CE38: 7.312817 | CF38: 63.767315 | CG38: 28.919865
A39: ST52_P21_2 | B39: ST52 | C39: SPRING_2021 | D39: SALTED | E39: 2 | F39: 45.961839 | G39: -1.278105 | H39: 44299 | I39: 0.49166667 | J39: 11 | K39: 7.699 | L39: 29.9 | M39: =1.554*L39+0.4349 -> 46.8995 | N39: -53.8 | O39: 8.5 | P39: 4.0742765e+09 | Q39: 68.4 | R39: 1.4666667 | S39: 1.4666667 | T39: 73.688889 | U39: 10.934991 | V39: 14.740191 | W39: =U39/(U39+V39)*100 -> 42.589733 | X39: 5077.7 | Y39: 12.23 | Z39: 0.06 | AA39: 4.5 | AB39: 20.48 | AC39: 11.29 | AD39: 18916.99 | AE39: 310.1 | AF39: 14.21 | AG39: 11.05 | AH39: < 0.41 | AI39: 27.39 | AJ39: 68.93 | AK39: 0.05 | AL39: 0 | AM39: 1.128 | AN39: 4.954 | AO39: 121.04 | AP39: 51.466 | AQ39: 41.275878 | AR39: < 0.008 | AS39: < 2.874 | AT39: < 0.058 | AU39: < 0.300 | AV39: < 0.014 | AW39: < 0.054 | AX39: < 2.285 | AY39: < 0.005 | AZ39: < 0.459 | BA39: < 0.038 | BB39: < 0.159 | BC39: < 0.004 | BD39: 0.063 | BE39: < 0.046 | BF39: 0.147 | BG39: < 0.009 | BH39: < 0.026 | BI39: < 0.004 | BJ39: < 0.008 | BK39: < 0.009 | BL39: < 0.066 | BM39: < 0.007 | BN39: 0.143 | BO39: < 0.024 | BP39: 0.042 | BQ39: 0.039 | BR39: < 0.016 | BS39: < 0.008 | BT39: < 0.065 | BU39: 0.092 | BV39: < 0.017 | BW39: 0.155 | BX39: < 0.013 | BY39: < 0.094 | BZ39: < 0.015 | CA39: 48.961515 | CB39: 2.358 | CC39: 12.082 | CD39: 121.772 | CE39: 6.362219 | CF39: 65.529058 | CG39: 28.108724
A40: ST52_P21_3 | B40: ST52 | C40: SPRING_2021 | D40: SALTED | E40: 3 | F40: 45.961839 | G40: -1.278105 | H40: 44299 | I40: 0.51388889 | J40: 12.5 | K40: 7.648 | L40: 31.8 | M40: =1.554*L40+0.4349 -> 49.8521 | N40: -51.7 | O40: 7.7 | P40: 6.2178039e+09 | Q40: 75.066667 | R40: 3.0666667 | S40: 0.8 | T40: 81.6 | U40: 9.9650407 | V40: 16.521928 | W40: =U40/(U40+V40)*100 -> 37.622428 | X40: 5247.69 | Y40: 13.61 | Z40: 0.07 | AA40: 5 | AB40: 21.61 | AC40: 12.04 | AD40: 19651.02 | AE40: 323.08 | AF40: 14.97 | AG40: 14.07 | AH40: < 0.41 | AI40: 29.47 | AJ40: 72.08 | AK40: 0.06 | AL40: 0.028 | AM40: 0.738 | AN40: 3.13 | AO40: 99.958 | AP40: 44.816 | AQ40: 32.865188 | AR40: < 0.008 | AS40: < 2.874 | AT40: < 0.058 | AU40: < 0.300 | AV40: < 0.014 | AW40: < 0.054 | AX40: < 2.285 | AY40: < 0.005 | AZ40: < 0.459 | BA40: < 0.038 | BB40: < 0.159 | BC40: < 0.004 | BD40: 0.063 | BE40: < 0.046 | BF40: 0.147 | BG40: < 0.009 | BH40: < 0.026 | BI40: < 0.004 | BJ40: < 0.008 | BK40: < 0.009 | BL40: < 0.066 | BM40: < 0.007 | BN40: 0.143 | BO40: < 0.024 | BP40: 0.042 | BQ40: 0.039 | BR40: < 0.016 | BS40: < 0.008 | BT40: < 0.065 | BU40: 0.092 | BV40: < 0.017 | BW40: 0.155 | BX40: < 0.013 | BY40: < 0.094 | BZ40: < 0.015 | CA40: 47.77983 | CB40: 2.11 | CC40: 8.852 | CD40: 80.138 | CE40: 7.585194 | CF40: 75.13928 | CG40: 17.275526
A41: ST61_P21_1 | B41: ST61 | C41: SPRING_2021 | D41: SALTED | E41: 1 | F41: 45.771769 | G41: -1.054261 | H41: 44300 | I41: 0.49166667 | J41: 11.4 | K41: 7.781 | L41: 14.1 | M41: =1.554*L41+0.4349 -> 22.3463 | N41: -60.1 | O41: 6.5 | P41: 1.4410373e+09 | Q41: 53.866667 | R41: 5.6 | S41: 0.66666667 | T41: 60.933333 | U41: 3.3252895 | V41: 4.9436918 | W41: =U41/(U41+V41)*100 -> 40.214016 | X41: 5639.67 | Y41: 19.21 | Z41: 0.09 | AA41: 8.44 | AB41: 30.4 | AC41: 17.86 | AD41: 28836.07 | AE41: 611.78 | AF41: 24.63 | AG41: 14.41 | AH41: < 0.4 | AI41: 45.57 | AJ41: 105.57 | AK41: 0.08 | AL41: 0.324 | AM41: 1.388 | AN41: 4.968 | AO41: 91.82 | AP41: 146.644 | AQ41: 48.417277 | AR41: < 0.018 | AS41: < 2.307 | AT41: < 0.057 | AU41: < 0.299 | AV41: < 0.018 | AW41: < 0.052 | AX41: < 2.406 | AY41: < 0.007 | AZ41: < 0.449 | BA41: < 0.028 | BB41: < 0.113 | BC41: < 0.004 | BD41: 0.036 | BE41: < 0.046 | BF41: 0.074 | BG41: < 0.009 | BH41: < 0.027 | BI41: 0.005 | BJ41: < 0.009 | BK41: < 0.009 | BL41: < 0.084 | BM41: < 0.009 | BN41: 0.106 | BO41: < 0.013 | BP41: 0.039 | BQ41: < 0.028 | BR41: < 0.014 | BS41: < 0.009 | BT41: < 0.016 | BU41: 0.11 | BV41: < 0.018 | BW41: 0.098 | BX41: < 0.015 | BY41: < 0.096 | BZ41: < 0.022 | CA41: 43.500837 | CB41: 2.139 | CC41: 8.567 | CD41: 70.883 | CE41: 7.421617 | CF41: 78.182019 | CG41: 14.396366
A42: ST61_P21_2 | B42: ST61 | C42: SPRING_2021 | D42: SALTED | E42: 2 | F42: 45.771769 | G42: -1.054261 | H42: 44300 | I42: 0.49722222 | J42: 11.8 | K42: 7.711 | L42: 12.4 | M42: =1.554*L42+0.4349 -> 19.7045 | N42: -57.2 | O42: 6 | P42: 2.3723593e+09 | Q42: 95.333333 | R42: 4.5333333 | S42: 0.93333333 | T42: 101.64444 | U42: 9.6117845 | V42: 14.879982 | W42: =U42/(U42+V42)*100 -> 39.244962 | X42: 5676.15 | Y42: 19.17 | Z42: 0.16 | AA42: 8.11 | AB42: 30.11 | AC42: 16.1 | AD42: 27440.62 | AE42: 520.42 | AF42: 22.77 | AG42: 14.61 | AH42: < 0.4 | AI42: 43.36 | AJ42: 98.64 | AK42: 0.08 | AL42: 0 | AM42: 1.616 | AN42: 5.736 | AO42: 95.003 | AP42: 48.584 | AQ42: 136.1351 | AR42: < 0.018 | AS42: < 2.307 | AT42: < 0.057 | AU42: < 0.299 | AV42: < 0.018 | AW42: < 0.052 | AX42: < 2.406 | AY42: < 0.007 | AZ42: < 0.449 | BA42: < 0.028 | BB42: < 0.113 | BC42: < 0.004 | BD42: 0.036 | BE42: < 0.046 | BF42: 0.074 | BG42: < 0.009 | BH42: < 0.027 | BI42: 0.005 | BJ42: < 0.009 | BK42: < 0.009 | BL42: < 0.084 | BM42: < 0.009 | BN42: 0.106 | BO42: < 0.013 | BP42: 0.039 | BQ42: < 0.028 | BR42: < 0.014 | BS42: < 0.009 | BT42: < 0.016 | BU42: 0.11 | BV42: < 0.018 | BW42: 0.098 | BX42: < 0.015 | BY42: < 0.096 | BZ42: < 0.022 | CA42: 48.487246 | CB42: 1.844 | CC42: 7.862 | CD42: 305.097 | CE42: 9.557938 | CF42: 70.537252 | CG42: 19.904808
A43: ST61_P21_3 | B43: ST61 | C43: SPRING_2021 | D43: SALTED | E43: 3 | F43: 45.771769 | G43: -1.054261 | H43: 44300 | I43: 0.49930556 | J43: 11.7 | K43: 7.375 | L43: 25.8 | M43: =1.554*L43+0.4349 -> 40.5281 | N43: -37.6 | O43: 8.1 | P43: 2.846522e+09 | Q43: 178 | R43: 4.8 | S43: 1.4666667 | T43: 188.04444 | U43: 8.4169675 | V43: 25.161344 | W43: =U43/(U43+V43)*100 -> 25.066679 | X43: 5636.37 | Y43: 19.91 | Z43: 0.15 | AA43: 7.17 | AB43: 30.55 | AC43: 16.66 | AD43: 26032.15 | AE43: 539.21 | AF43: 20.4 | AG43: 15.08 | AH43: < 0.4 | AI43: 40.36 | AJ43: 116.08 | AK43: 0.1 | AL43: 0.096 | AM43: 0.46 | AN43: 1.5 | AO43: 159.767 | AP43: 116.936 | AQ43: 53.54901 | AR43: < 0.018 | AS43: < 2.307 | AT43: < 0.057 | AU43: < 0.299 | AV43: < 0.018 | AW43: < 0.052 | AX43: < 2.406 | AY43: < 0.007 | AZ43: < 0.449 | BA43: < 0.028 | BB43: < 0.113 | BC43: < 0.004 | BD43: 0.036 | BE43: < 0.046 | BF43: 0.074 | BG43: < 0.009 | BH43: < 0.027 | BI43: 0.005 | BJ43: < 0.009 | BK43: < 0.009 | BL43: < 0.084 | BM43: < 0.009 | BN43: 0.106 | BO43: < 0.013 | BP43: 0.039 | BQ43: < 0.028 | BR43: < 0.014 | BS43: < 0.009 | BT43: < 0.016 | BU43: 0.11 | BV43: < 0.018 | BW43: 0.098 | BX43: < 0.015 | BY43: < 0.096 | BZ43: < 0.022 | CA43: 55.129798 | CB43: 2.011 | CC43: 7.789 | CD43: 49.851 | CE43: 8.223179 | CF43: 80.924443 | CG43: 10.852379
A44: ST63_P21_1 | B44: ST63 | C44: SPRING_2021 | D44: BRACKISH | E44: 1 | F44: 45.323742 | G44: -0.70269 | H44: 44306 | I44: 0.43680556 | J44: 14.5 | K44: 7.556 | L44: 5.2 | M44: =1.554*L44+0.4349 -> 8.5157 | N44: -47.7 | O44: 12 | P44: 5.2300876e+08 | Q44: 4.4333333 | R44: 0.33333333 | S44: 0.066666667 | T44: 5.7666667 | U44: 6.6832411 | V44: 8.3271539 | W44: =U44/(U44+V44)*100 -> 44.524085 | X44: 5895.55 | Y44: 25.85 | Z44: 0.17 | AA44: 10.85 | AB44: 32.6 | AC44: 21.26 | AD44: 32730.2 | AE44: 375.1 | AF44: 27.85 | AG44: 14.27 | AH44: < 0.4 | AI44: 35.53 | AJ44: 116.77 | AK44: 0.13 | AL44: 0 | AM44: 0.41 | AN44: 1.706 | AO44: 142.288 | AP44: 60.945 | AQ44: 36.303346 | AR44: < 0.019 | AS44: < 2.448 | AT44: < 0.061 | AU44: < 0.317 | AV44: < 0.019 | AW44: < 0.055 | AX44: < 2.553 | AY44: < 0.007 | AZ44: < 0.476 | BA44: < 0.030 | BB44: < 0.120 | BC44: < 0.004 | BD44: 0.046 | BE44: < 0.049 | BF44: 0.086 | BG44: < 0.010 | BH44: < 0.028 | BI44: 0.004 | BJ44: < 0.009 | BK44: < 0.010 | BL44: < 0.089 | BM44: < 0.009 | BN44: 0.141 | BO44: < 0.014 | BP44: 0.028 | BQ44: < 0.029 | BR44: < 0.015 | BS44: < 0.010 | BT44: < 0.017 | BU44: 0.08 | BV44: < 0.019 | BW44: 0.112 | BX44: < 0.016 | BY44: < 0.102 | BZ44: 0.045 | CA44: 57.156191 | CB44: 1.653 | CC44: 6.122 | CD44: 34.891 | CE44: 11.558673 | CF44: 80.471885 | CG44: 7.969441
A45: ST63_P21_2 | B45: ST63 | C45: SPRING_2021 | D45: BRACKISH | E45: 2 | F45: 45.323742 | G45: -0.70269 | H45: 44306 | I45: 0.45277778 | J45: 15 | K45: 7.341 | L45: 5.2 | M45: =1.554*L45+0.4349 -> 8.5157 | N45: -35.3 | O45: 10 | P45: 1.257519e+09 | Q45: 9.1333333 | R45: 0.66666667 | S45: 0.33333333 | T45: 10.8 | U45: 8.6870511 | V45: 10.755535 | W45: =U45/(U45+V45)*100 -> 44.680532 | X45: 5987.86 | Y45: 28.69 | Z45: 0.28 | AA45: 18.83 | AB45: 30.73 | AC45: 27.21 | AD45: 33956.91 | AE45: 580.7 | AF45: 34.71 | AG45: 16.63 | AH45: < 0.41 | AI45: 36.95 | AJ45: 168.73 | AK45: 0.14 | AL45: 0 | AM45: 0.44 | AN45: 1.111 | AO45: 108.86 | AP45: 60.449 | AQ45: 30.629238 | AR45: < 0.019 | AS45: < 2.448 | AT45: < 0.061 | AU45: < 0.317 | AV45: < 0.019 | AW45: < 0.055 | AX45: < 2.553 | AY45: < 0.007 | AZ45: < 0.476 | BA45: < 0.030 | BB45: < 0.120 | BC45: < 0.004 | BD45: 0.046 | BE45: < 0.049 | BF45: 0.086 | BG45: < 0.010 | BH45: < 0.028 | BI45: 0.004 | BJ45: < 0.009 | BK45: < 0.010 | BL45: < 0.089 | BM45: < 0.009 | BN45: 0.141 | BO45: < 0.014 | BP45: 0.028 | BQ45: < 0.029 | BR45: < 0.015 | BS45: < 0.010 | BT45: < 0.017 | BU45: 0.08 | BV45: < 0.019 | BW45: 0.112 | BX45: < 0.016 | BY45: < 0.102 | BZ45: 0.045 | CA45: 59.317374 | CB45: 1.797 | CC45: 8.966 | CD45: 115.227 | CE45: 9.987153 | CF45: 73.005952 | CG45: 17.006896
A46: ST63_P21_3 | B46: ST63 | C46: SPRING_2021 | D46: BRACKISH | E46: 3 | F46: 45.323742 | G46: -0.70269 | H46: 44306 | I46: 0.46388889 | J46: 14.9 | K46: 7.29 | L46: 5.1 | M46: =1.554*L46+0.4349 -> 8.3603 | N46: -32.8 | O46: 8 | P46: 1.2443268e+09 | Q46: 7.2 | R46: 0.46666667 | S46: 0.066666667 | T46: 8.5333333 | U46: 5.4031207 | V46: 8.9227198 | W46: =U46/(U46+V46)*100 -> 37.715907 | X46: 5952.07 | Y46: 21.77 | Z46: 0.27 | AA46: 16.06 | AB46: 30.07 | AC46: 22.5 | AD46: 29933.15 | AE46: 509.46 | AF46: 30.55 | AG46: 16.42 | AH46: < 0.4 | AI46: 38.39 | AJ46: 143.07 | AK46: 0.14 | AL46: 0 | AM46: 0.509 | AN46: 1.844 | AO46: 113.921 | AP46: 48.094 | AQ46: 23.96348 | AR46: < 0.019 | AS46: < 2.448 | AT46: < 0.061 | AU46: < 0.317 | AV46: < 0.019 | AW46: < 0.055 | AX46: < 2.553 | AY46: < 0.007 | AZ46: < 0.476 | BA46: < 0.030 | BB46: < 0.120 | BC46: < 0.004 | BD46: 0.046 | BE46: < 0.049 | BF46: 0.086 | BG46: < 0.010 | BH46: < 0.028 | BI46: 0.004 | BJ46: < 0.009 | BK46: < 0.010 | BL46: < 0.089 | BM46: < 0.009 | BN46: 0.141 | BO46: < 0.014 | BP46: 0.028 | BQ46: < 0.029 | BR46: < 0.015 | BS46: < 0.010 | BT46: < 0.017 | BU46: 0.08 | BV46: < 0.019 | BW46: 0.112 | BX46: < 0.016 | BY46: < 0.102 | BZ46: 0.045 | CA46: 57.377239 | CB46: 1.555 | CC46: 6.785 | CD46: 35.968 | CE46: 12.595853 | CF46: 79.653474 | CG46: 7.750669
A47: STRAPH_P21_1 | B47: STRAPH | C47: SPRING_2021 | D47: FRESHWATER | E47: 1 | F47: 45.996237 | G47: -0.793843 | H47: 44321 | I47: 0.44166667 | J47: 13.9 | K47: 7.169 | L47: 0.3 | M47: =1.554*L47+0.4349 -> 0.9011 | N47: -25.8 | O47: 13 | P47: 8.87285e+08 | Q47: 1.7333333 | R47: 0.7 | S47: 0.5 | T47: 3.3 | U47: 16.509896 | V47: 38.932803 | W47: =U47/(U47+V47)*100 -> 29.778305 | X47: 5929.22 | Y47: 8.55 | Z47: 0.07 | AA47: 6.57 | AB47: 26.84 | AC47: 10.32 | AD47: 23435.04 | AE47: 401.08 | AF47: 21.31 | AG47: 11.59 | AH47: < 0.41 | AI47: 31.16 | AJ47: 82.05 | AK47: 0.05 | AL47: 0.427 | AM47: 0.262 | AN47: 1.442 | AO47: 414.523 | AP47: 150.012 | AQ47: 33.798383 | AR47: < 0.018 | AS47: < 2.376 | AT47: < 0.059 | AU47: < 0.308 | AV47: < 0.018 | AW47: < 0.054 | AX47: < 2.477 | AY47: < 0.007 | AZ47: < 0.462 | BA47: < 0.029 | BB47: < 0.117 | BC47: < 0.004 | BD47: < 0.030 | BE47: < 0.048 | BF47: < 0.049 | BG47: < 0.009 | BH47: < 0.027 | BI47: < 0.004 | BJ47: < 0.009 | BK47: < 0.009 | BL47: < 0.086 | BM47: < 0.009 | BN47: 0.024 | BO47: < 0.013 | BP47: < 0.014 | BQ47: < 0.029 | BR47: < 0.015 | BS47: < 0.009 | BT47: < 0.017 | BU47: < 0.010 | BV47: < 0.018 | BW47: < 0.027 | BX47: < 0.015 | BY47: < 0.099 | BZ47: < 0.023 | CA47: 64.617202 | CB47: 2.046 | CC47: 9.243 | CD47: 49.442 | CE47: 8.055336 | CF47: 80.982892 | CG47: 10.961773
A48: STRAPH_P21_2 | B48: STRAPH | C48: SPRING_2021 | D48: FRESHWATER | E48: 2 | F48: 45.996237 | G48: -0.793843 | H48: 44321 | I48: 0.45625 | J48: 13.7 | K48: 7.141 | L48: 0.2 | M48: =1.554*L48+0.4349 -> 0.7457 | N48: -24.7 | O48: 11 | P48: 1.3336936e+09 | Q48: 6.6 | R48: 1.8333333 | S48: 1.2333333 | T48: 10.666667 | U48: 18.319837 | V48: 52.626125 | W48: =U48/(U48+V48)*100 -> 25.82224 | X48: 5853.41 | Y48: 10.82 | Z48: 0.07 | AA48: 6.44 | AB48: 26.56 | AC48: 10.2 | AD48: 23690.35 | AE48: 409.4 | AF48: 21.33 | AG48: 15.13 | AH48: < 0.4 | AI48: 31.58 | AJ48: 77.98 | AK48: 0.05 | AL48: 0.287 | AM48: 0.235 | AN48: 0.995 | AO48: 295.637 | AP48: 61.961 | AQ48: 49.702645 | AR48: < 0.018 | AS48: < 2.376 | AT48: < 0.059 | AU48: < 0.308 | AV48: < 0.018 | AW48: < 0.054 | AX48: < 2.477 | AY48: < 0.007 | AZ48: < 0.462 | BA48: < 0.029 | BB48: < 0.117 | BC48: < 0.004 | BD48: < 0.030 | BE48: < 0.048 | BF48: < 0.049 | BG48: < 0.009 | BH48: < 0.027 | BI48: < 0.004 | BJ48: < 0.009 | BK48: < 0.009 | BL48: < 0.086 | BM48: < 0.009 | BN48: 0.024 | BO48: < 0.013 | BP48: < 0.014 | BQ48: < 0.029 | BR48: < 0.015 | BS48: < 0.009 | BT48: < 0.017 | BU48: < 0.010 | BV48: < 0.018 | BW48: < 0.027 | BX48: < 0.015 | BY48: < 0.099 | BZ48: < 0.023 | CA48: 63.47268 | CB48: 2.008 | CC48: 7.615 | CD48: 33.398 | CE48: 8.196883 | CF48: 85.541286 | CG48: 6.261829
A49: STRAPH_P21_3 | B49: STRAPH | C49: SPRING_2021 | D49: FRESHWATER | E49: 3 | F49: 45.996237 | G49: -0.793843 | H49: 44321 | I49: 0.46666667 | J49: 13.2 | K49: 7.106 | L49: 0.2 | M49: =1.554*L49+0.4349 -> 0.7457 | N49: -22.9 | O49: 11 | P49: 2.2256597e+09 | Q49: 7.3333333 | R49: 1.5333333 | S49: 0.4 | T49: 10.222222 | U49: 11.300876 | V49: 26.53996 | W49: =U49/(U49+V49)*100 -> 29.864234 | X49: 6246.27 | Y49: 13.8 | Z49: 0.07 | AA49: 7.38 | AB49: 31.16 | AC49: 10.76 | AD49: 28067.56 | AE49: 425.82 | AF49: 23.1 | AG49: 15.21 | AH49: < 0.41 | AI49: 35.46 | AJ49: 82.74 | AK49: 0.07 | AL49: 0 | AM49: 0.234 | AN49: 1.068 | AO49: 277.678 | AP49: 45.141 | AQ49: 57.589057 | AR49: < 0.018 | AS49: < 2.376 | AT49: < 0.059 | AU49: < 0.308 | AV49: < 0.018 | AW49: < 0.054 | AX49: < 2.477 | AY49: < 0.007 | AZ49: < 0.462 | BA49: < 0.029 | BB49: < 0.117 | BC49: < 0.004 | BD49: < 0.030 | BE49: < 0.048 | BF49: < 0.049 | BG49: < 0.009 | BH49: < 0.027 | BI49: < 0.004 | BJ49: < 0.009 | BK49: < 0.009 | BL49: < 0.086 | BM49: < 0.009 | BN49: 0.024 | BO49: < 0.013 | BP49: < 0.014 | BQ49: < 0.029 | BR49: < 0.015 | BS49: < 0.009 | BT49: < 0.017 | BU49: < 0.010 | BV49: < 0.018 | BW49: < 0.027 | BX49: < 0.015 | BY49: < 0.099 | BZ49: < 0.023 | CA49: 57.88281 | CB49: 1.919 | CC49: 7.61 | CD49: 34.755 | CE49: 8.910215 | CF49: 84.245352 | CG49: 6.844433
A50: ST6_E21_1 | B50: ST6 | C50: SUMMER_2021 | D50: FRESHWATER | E50: 1 | F50: 46.28213 | G50: -0.969368 | H50: 44410 | I50: 0.42986111 | J50: 21.6 | K50: 7.453 | L50: 0.7 | M50: 0.1415 | N50: -41 | O50: 22 | P50: 1.3328339e+09 | Q50: 6.6 | R50: 0.2 | S50: 0.13333333 | T50: 7.7333333 | U50: 5.7242671 | V50: 32.799101 | W50: =U50/(U50+V50)*100 -> 14.859207 | X50: 6092.39 | Y50: 7.28 | Z50: 0.07 | AA50: 5.67 | AB50: 28.27 | AC50: 10.65 | AD50: 24009.29 | AE50: 404.88 | AF50: 19.74 | AG50: 15.79 | AH50: < 0.41 | AI50: 33.23 | AJ50: 76.82 | AK50: 0.06 | AL50: 0 | AM50: 0.36 | AN50: 7.78 | AO50: 469.753 | AP50: 131.245 | AQ50: 31.746938 | AR50: < 0.008 | AS50: < 2.988 | AT50: < 0.061 | AU50: < 0.312 | AV50: < 0.015 | AW50: < 0.056 | AX50: < 2.376 | AY50: < 0.005 | AZ50: < 0.477 | BA50: < 0.040 | BB50: < 0.166 | BC50: < 0.004 | BD50: < 0.049 | BE50: < 0.048 | BF50: < 0.049 | BG50: < 0.009 | BH50: < 0.027 | BI50: < 0.004 | BJ50: < 0.008 | BK50: < 0.009 | BL50: < 0.068 | BM50: < 0.007 | BN50: < 0.068 | BO50: < 0.025 | BP50: < 0.009 | BQ50: < 0.027 | BR50: < 0.016 | BS50: < 0.009 | BT50: < 0.067 | BU50: < 0.010 | BV50: < 0.017 | BW50: < 0.029 | BX50: < 0.013 | BY50: < 0.097 | BZ50: 0.026 | CA50: 61.742893 | CB50: 3.569 | CC50: 113.444 | CD50: 1012.508 | CE50: 3.923251 | CF50: 38.433541 | CG50: 57.643209
A51: ST6_E21_2 | B51: ST6 | C51: SUMMER_2021 | D51: FRESHWATER | E51: 2 | F51: 46.28213 | G51: -0.969368 | H51: 44410 | I51: 0.4375 | J51: 21.2 | K51: 7.333 | L51: 0.6 | M51: 0.1315 | N51: -34.6 | O51: 17 | P51: 1.0843525e+09 | Q51: 8 | R51: 1.0666667 | S51: 0.66666667 | T51: 10.066667 | U51: 11.09711 | V51: 49.148763 | W51: =U51/(U51+V51)*100 -> 18.419701 | X51: 6170.96 | Y51: 7.64 | Z51: 0.07 | AA51: 5.43 | AB51: 28.84 | AC51: 20.93 | AD51: 23949.42 | AE51: 414.22 | AF51: 19.95 | AG51: 14.42 | AH51: < 0.41 | AI51: 33.91 | AJ51: 79.26 | AK51: 0.05 | AL51: 0 | AM51: 0.428 | AN51: 9.672 | AO51: 471.746 | AP51: 134.523 | AQ51: 31.896875 | AR51: < 0.008 | AS51: < 2.988 | AT51: < 0.061 | AU51: < 0.312 | AV51: < 0.015 | AW51: < 0.056 | AX51: < 2.376 | AY51: < 0.005 | AZ51: < 0.477 | BA51: < 0.040 | BB51: < 0.166 | BC51: < 0.004 | BD51: < 0.049 | BE51: < 0.048 | BF51: < 0.049 | BG51: < 0.009 | BH51: < 0.027 | BI51: < 0.004 | BJ51: < 0.008 | BK51: < 0.009 | BL51: < 0.068 | BM51: < 0.007 | BN51: < 0.068 | BO51: < 0.025 | BP51: < 0.009 | BQ51: < 0.027 | BR51: < 0.016 | BS51: < 0.009 | BT51: < 0.067 | BU51: < 0.010 | BV51: < 0.017 | BW51: < 0.029 | BX51: < 0.013 | BY51: < 0.097 | BZ51: 0.026 | CA51: 68.337933 | CB51: 2.003 | CC51: 8.423 | CD51: 44.289 | CE51: 8.331711 | CF51: 82.054848 | CG51: 9.613442
A52: ST6_E21_3 | B52: ST6 | C52: SUMMER_2021 | D52: FRESHWATER | E52: 3 | F52: 46.28213 | G52: -0.969368 | H52: 44410 | I52: 0.45277778 | J52: 20.9 | K52: 7.387 | L52: 0.6 | M52: 0.1367 | N52: -37.8 | O52: 18 | P52: 1.1187458e+09 | Q52: 7.1333333 | R52: 0.4 | S52: 0.73333333 | T52: 8.6666667 | U52: 5.4959086 | V52: 29.353509 | W52: =U52/(U52+V52)*100 -> 15.770446 | X52: 6151.85 | Y52: 6.66 | Z52: 0.07 | AA52: 5.07 | AB52: 27.66 | AC52: 10.82 | AD52: 23281.9 | AE52: 389.36 | AF52: 19.48 | AG52: 14.33 | AH52: < 0.41 | AI52: 32.8 | AJ52: 78.12 | AK52: 0.05 | AL52: 0 | AM52: 0.205 | AN52: 4.289 | AO52: 471.077 | AP52: 157.193 | AQ52: 42.174026 | AR52: < 0.008 | AS52: < 2.988 | AT52: < 0.061 | AU52: < 0.312 | AV52: < 0.015 | AW52: < 0.056 | AX52: < 2.376 | AY52: < 0.005 | AZ52: < 0.477 | BA52: < 0.040 | BB52: < 0.166 | BC52: < 0.004 | BD52: < 0.049 | BE52: < 0.048 | BF52: < 0.049 | BG52: < 0.009 | BH52: < 0.027 | BI52: < 0.004 | BJ52: < 0.008 | BK52: < 0.009 | BL52: < 0.068 | BM52: < 0.007 | BN52: < 0.068 | BO52: < 0.025 | BP52: < 0.009 | BQ52: < 0.027 | BR52: < 0.016 | BS52: < 0.009 | BT52: < 0.067 | BU52: < 0.010 | BV52: < 0.017 | BW52: < 0.029 | BX52: < 0.013 | BY52: < 0.097 | BZ52: 0.026 | CA52: 63.24361 | CB52: 1.831 | CC52: 8.985 | CD52: 168.178 | CE52: 9.683883 | CF52: 69.547775 | CG52: 20.768343
A53: ST75_E21_1 | B53: St75 | C53: SUMMER_2021 | D53: BRACKISH | E53: 1 | F53: 45.883995 | G53: -1.055508 | H53: 44407 | I53: 0.42708333 | J53: 21.5 | K53: 7.067 | L53: 1.8 | M53: 3.39 | N53: -26.2 | O53: 14 | P53: 1.8577362e+09 | Q53: 1.1333333 | R53: 0.43333333 | S53: 1.6 | T53: 3.4555556 | U53: 7.4840308 | V53: 57.451507 | W53: =U53/(U53+V53)*100 -> 11.525323 | X53: 6321.9 | Y53: 20.89 | Z53: 0.09 | AA53: 7.32 | AB53: 34.08 | AC53: 14.84 | AD53: 31327.36 | AE53: 677.95 | AF53: 25.43 | AG53: 14.66 | AH53: < 0.4 | AI53: 46.18 | AJ53: 94.21 | AK53: 0.07 | AL53: 0 | AM53: 0.169 | AN53: 3.898 | AO53: 467.304 | AP53: 99.405 | AQ53: 46.988494 | AR53: < 0.019 | AS53: < 2.399 | AT53: < 0.059 | AU53: < 0.311 | AV53: < 0.019 | AW53: < 0.054 | AX53: < 2.502 | AY53: < 0.007 | AZ53: < 0.467 | BA53: < 0.029 | BB53: < 0.118 | BC53: < 0.004 | BD53: < 0.030 | BE53: < 0.048 | BF53: < 0.049 | BG53: < 0.010 | BH53: < 0.028 | BI53: < 0.004 | BJ53: < 0.009 | BK53: < 0.010 | BL53: < 0.087 | BM53: < 0.009 | BN53: 0.033 | BO53: < 0.013 | BP53: < 0.015 | BQ53: < 0.029 | BR53: < 0.015 | BS53: < 0.009 | BT53: < 0.017 | BU53: < 0.010 | BV53: < 0.018 | BW53: < 0.027 | BX53: < 0.015 | BY53: < 0.100 | BZ53: < 0.023 | CA53: 69.839136 | CB53: 1.993 | CC53: 9.491 | CD53: 51.857 | CE53: 8.41268 | CF53: 80.168641 | CG53: 11.418678
A54: ST75_E21_2 | B54: St75 | C54: SUMMER_2021 | D54: BRACKISH | E54: 2 | F54: 45.883995 | G54: -1.055508 | H54: 44407 | I54: 0.43958333 | J54: 21.4 | K54: 7.161 | L54: 1.8 | M54: 3.47 | N54: -27.2 | O54: 16 | P54: 1.7628501e+09 | Q54: 0.66666667 | R54: 0.76666667 | S54: 2.5666667 | T54: 4.2777778 | U54: 10.36351 | V54: 58.173443 | W54: =U54/(U54+V54)*100 -> 15.121054 | X54: 6380.44 | Y54: 19.63 | Z54: 0.08 | AA54: 7.13 | AB54: 32.05 | AC54: 14.59 | AD54: 30624.37 | AE54: 660.91 | AF54: 24.29 | AG54: 15.25 | AH54: < 0.41 | AI54: 44.8 | AJ54: 90.85 | AK54: 0.06 | AL54: 0 | AM54: 0.177 | AN54: 4.462 | AO54: 458.16 | AP54: 114.193 | AQ54: 47.69705 | AR54: < 0.019 | AS54: < 2.399 | AT54: < 0.059 | AU54: < 0.311 | AV54: < 0.019 | AW54: < 0.054 | AX54: < 2.502 | AY54: < 0.007 | AZ54: < 0.467 | BA54: < 0.029 | BB54: < 0.118 | BC54: < 0.004 | BD54: < 0.030 | BE54: < 0.048 | BF54: < 0.049 | BG54: < 0.010 | BH54: < 0.028 | BI54: < 0.004 | BJ54: < 0.009 | BK54: < 0.010 | BL54: < 0.087 | BM54: < 0.009 | BN54: 0.033 | BO54: < 0.013 | BP54: < 0.015 | BQ54: < 0.029 | BR54: < 0.015 | BS54: < 0.009 | BT54: < 0.017 | BU54: < 0.010 | BV54: < 0.018 | BW54: < 0.027 | BX54: < 0.015 | BY54: < 0.100 | BZ54: < 0.023 | CA54: 68.279414 | CB54: 2.073 | CC54: 8.446 | CD54: 84.946 | CE54: 7.8165 | CF54: 77.493976 | CG54: 14.689523
A55: ST75_E21_3 | B55: St75 | C55: SUMMER_2021 | D55: BRACKISH | E55: 3 | F55: 45.883995 | G55: -1.055508 | H55: 44407 | I55: 0.41875 | J55: 21.2 | K55: 7.19 | L55: 1.8 | M55: 3.41 | N55: -20.4 | O55: 15 | P55: 1.4985019e+09 | Q55: 0.56666667 | R55: 0.86666667 | S55: 1.2 | T55: 3.1111111 | U55: 17.304972 | V55: 67.736964 | W55: =U55/(U55+V55)*100 -> 20.348752 | X55: 6458.42 | Y55: 20.95 | Z55: 0.09 | AA55: 7.4 | AB55: 33.41 | AC55: 15.15 | AD55: 30854.83 | AE55: 680.9 | AF55: 25.68 | AG55: 14.5 | AH55: < 0.4 | AI55: 47.39 | AJ55: 100.72 | AK55: 0.07 | AL55: 0 | AM55: 0.209 | AN55: 5.179 | AO55: 463.171 | AP55: 151.693 | AQ55: 49.527605 | AR55: < 0.019 | AS55: < 2.399 | AT55: < 0.059 | AU55: < 0.311 | AV55: < 0.019 | AW55: < 0.054 | AX55: < 2.502 | AY55: < 0.007 | AZ55: < 0.467 | BA55: < 0.029 | BB55: < 0.118 | BC55: < 0.004 | BD55: < 0.030 | BE55: < 0.048 | BF55: < 0.049 | BG55: < 0.010 | BH55: < 0.028 | BI55: < 0.004 | BJ55: < 0.009 | BK55: < 0.010 | BL55: < 0.087 | BM55: < 0.009 | BN55: 0.033 | BO55: < 0.013 | BP55: < 0.015 | BQ55: < 0.029 | BR55: < 0.015 | BS55: < 0.009 | BT55: < 0.017 | BU55: < 0.010 | BV55: < 0.018 | BW55: < 0.027 | BX55: < 0.015 | BY55: < 0.100 | BZ55: < 0.023 | CA55: 69.071169 | CB55: 1.818 | CC55: 7.6 | CD55: 39.043 | CE55: 9.78876 | CF55: 81.750908 | CG55: 8.460333
A56: ST16_E21_1 | B56: ST16 | C56: SUMMER_2021 | D56: SALTED | E56: 1 | F56: 46.23537 | G56: -1.514997 | H56: 44403 | I56: 0.43055556 | J56: 20.4 | K56: 7.006 | L56: 19 | M56: 30.3 | N56: -17.3 | O56: 7.2 | P56: 9.0973221e+09 | Q56: 93.066667 | R56: 2.1333333 | S56: 2.4 | T56: 98.666667 | U56: 16.287985 | V56: 15.439508 | W56: =U56/(U56+V56)*100 -> 51.337132 | X56: 5439.15 | Y56: 10.88 | Z56: 0.1 | AA56: 3.27 | AB56: 18.65 | AC56: 9.32 | AD56: 14601.49 | AE56: 173.47 | AF56: 11.11 | AG56: 9.65 | AH56: < 0.4 | AI56: 26.63 | AJ56: 56.78 | AK56: 0.05 | AL56: 0 | AM56: 0.525 | AN56: 6.923 | AO56: 314.218 | AP56: 76.316 | AQ56: 56.332872 | AR56: 0.009 | AS56: < 2.794 | AT56: < 0.057 | AU56: < 0.292 | AV56: < 0.014 | AW56: < 0.052 | AX56: < 2.222 | AY56: < 0.005 | AZ56: < 0.446 | BA56: < 0.037 | BB56: < 0.155 | BC56: < 0.004 | BD56: < 0.046 | BE56: < 0.045 | BF56: 0.068 | BG56: < 0.009 | BH56: < 0.025 | BI56: < 0.004 | BJ56: < 0.007 | BK56: < 0.009 | BL56: < 0.064 | BM56: < 0.007 | BN56: < 0.063 | BO56: < 0.024 | BP56: 0.01 | BQ56: < 0.025 | BR56: < 0.015 | BS56: < 0.008 | BT56: < 0.063 | BU56: 0.03 | BV56: < 0.016 | BW56: < 0.027 | BX56: < 0.012 | BY56: < 0.091 | BZ56: < 0.015 | CA56: 46.74459 | CB56: 2.486 | CC56: 10.581 | CD56: 133.865 | CE56: 5.769831 | CF56: 68.995128 | CG56: 25.23504
A57: ST16_E21_2 | B57: ST16 | C57: SUMMER_2021 | D57: SALTED | E57: 2 | F57: 46.23537 | G57: -1.514997 | H57: 44403 | I57: 0.43402778 | J57: 20.2 | K57: 7.421 | L57: 16.5 | M57: 27 | N57: -41 | O57: 7.8 | P57: 3.5663203e+09 | Q57: 95.466667 | R57: 1.8666667 | S57: 4.2666667 | T57: 102.22222 | U57: 3.8542819 | V57: 8.1506382 | W57: =U57/(U57+V57)*100 -> 32.105852 | X57: 5628.3 | Y57: 14.06 | Z57: 0.08 | AA57: 3.14 | AB57: 17.28 | AC57: 7.79 | AD57: 15624.3 | AE57: 200.09 | AF57: 11.16 | AG57: 9.14 | AH57: < 0.41 | AI57: 26.08 | AJ57: 47.08 | AK57: 0.04 | AL57: 2.136 | AM57: 0.609 | AN57: 5.769 | AO57: 158.848 | AP57: 21.327 | AQ57: 36.486128 | AR57: 0.009 | AS57: < 2.794 | AT57: < 0.057 | AU57: < 0.292 | AV57: < 0.014 | AW57: < 0.052 | AX57: < 2.222 | AY57: < 0.005 | AZ57: < 0.446 | BA57: < 0.037 | BB57: < 0.155 | BC57: < 0.004 | BD57: < 0.046 | BE57: < 0.045 | BF57: 0.068 | BG57: < 0.009 | BH57: < 0.025 | BI57: < 0.004 | BJ57: < 0.007 | BK57: < 0.009 | BL57: < 0.064 | BM57: < 0.007 | BN57: < 0.063 | BO57: < 0.024 | BP57: 0.01 | BQ57: < 0.025 | BR57: < 0.015 | BS57: < 0.008 | BT57: < 0.063 | BU57: 0.03 | BV57: < 0.016 | BW57: < 0.027 | BX57: < 0.012 | BY57: < 0.091 | BZ57: < 0.015 | CA57: 42.580229 | CB57: 2.179 | CC57: 10.157 | CD57: 121.439 | CE57: 7.295182 | CF57: 66.36494 | CG57: 26.339876
A58: ST16_E21_3 | B58: ST16 | C58: SUMMER_2021 | D58: SALTED | E58: 3 | F58: 46.23537 | G58: -1.514997 | H58: 44403 | I58: 0.4375 | J58: 20.1 | K58: 7.072 | L58: 12.9 | M58: 21.4 | N58: -21.1 | O58: 8.2 | P58: 6.1653739e+09 | Q58: 91.466667 | R58: 2.4 | S58: 3.2 | T58: 98.488889 | U58: 15.051515 | V58: 14.498626 | W58: =U58/(U58+V58)*100 -> 50.93551 | X58: 6021.17 | Y58: 15.35 | Z58: 0.08 | AA58: 4.51 | AB58: 23.78 | AC58: 10.9 | AD58: 20423.22 | AE58: 257.06 | AF58: 16.06 | AG58: 10.67 | AH58: < 0.4 | AI58: 34.8 | AJ58: 64.21 | AK58: 0.06 | AL58: 0 | AM58: 0.612 | AN58: 5.668 | AO58: 163.568 | AP58: 33.326 | AQ58: 90.70156 | AR58: 0.009 | AS58: < 2.794 | AT58: < 0.057 | AU58: < 0.292 | AV58: < 0.014 | AW58: < 0.052 | AX58: < 2.222 | AY58: < 0.005 | AZ58: < 0.446 | BA58: < 0.037 | BB58: < 0.155 | BC58: < 0.004 | BD58: < 0.046 | BE58: < 0.045 | BF58: 0.068 | BG58: < 0.009 | BH58: < 0.025 | BI58: < 0.004 | BJ58: < 0.007 | BK58: < 0.009 | BL58: < 0.064 | BM58: < 0.007 | BN58: < 0.063 | BO58: < 0.024 | BP58: 0.01 | BQ58: < 0.025 | BR58: < 0.015 | BS58: < 0.008 | BT58: < 0.063 | BU58: 0.03 | BV58: < 0.016 | BW58: < 0.027 | BX58: < 0.012 | BY58: < 0.091 | BZ58: < 0.015 | CA58: 52.14465 | CB58: 2.333 | CC58: 14.098 | CD58: 146.066 | CE58: 6.642665 | CF58: 59.627681 | CG58: 33.729655
A59: ST13_E21_1 | B59: ST13 | C59: SUMMER_2021 | D59: BRACKISH | E59: 1 | F59: 46.262243 | G59: -1.106867 | H59: 44403 | I59: 0.53125 | J59: 23.4 | K59: 7.266 | L59: 7 | M59: 12.31 | N59: -32.3 | O59: 12 | P59: 4.4228136e+09 | Q59: 2.6666667 | R59: 0.66666667 | S59: 0.96666667 | T59: 5.2444444 | U59: 11.24553 | V59: 47.563149 | W59: =U59/(U59+V59)*100 -> 19.122229 | X59: 6485.48 | Y59: 17.52 | Z59: 0.11 | AA59: 7.09 | AB59: 34.07 | AC59: 18.44 | AD59: 29406.98 | AE59: 781.64 | AF59: 24.76 | AG59: 15.94 | AH59: < 0.4 | AI59: 45.97 | AJ59: 151.34 | AK59: 0.07 | AL59: 0 | AM59: 0.306 | AN59: 7.053 | AO59: 461.886 | AP59: 148.384 | AQ59: 29.874043 | AR59: < 0.008 | AS59: < 3.048 | AT59: < 0.062 | AU59: < 0.319 | AV59: < 0.015 | AW59: < 0.057 | AX59: < 2.424 | AY59: < 0.005 | AZ59: < 0.486 | BA59: < 0.040 | BB59: < 0.169 | BC59: < 0.005 | BD59: < 0.050 | BE59: < 0.049 | BF59: 0.082 | BG59: < 0.010 | BH59: < 0.028 | BI59: < 0.004 | BJ59: < 0.008 | BK59: < 0.009 | BL59: < 0.070 | BM59: < 0.007 | BN59: 0.08 | BO59: < 0.026 | BP59: 0.017 | BQ59: < 0.028 | BR59: < 0.017 | BS59: < 0.009 | BT59: < 0.069 | BU59: 0.053 | BV59: < 0.018 | BW59: 0.051 | BX59: < 0.014 | BY59: < 0.099 | BZ59: < 0.016 | CA59: 61.990949 | CB59: 1.761 | CC59: 7.791 | CD59: 54.717 | CE59: 10.312037 | CF59: 78.266147 | CG59: 11.421816
A60: ST13_E21_2 | B60: ST13 | C60: SUMMER_2021 | D60: BRACKISH | E60: 2 | F60: 46.262243 | G60: -1.106867 | H60: 44403 | I60: 0.54027778 | J60: 22.9 | K60: 7.059 | L60: 5.9 | M60: 10.49 | N60: -20.4 | O60: 16 | P60: 3.8605424e+09 | Q60: 0.6 | R60: 0.083333333 | S60: 0.083333333 | T60: 1.0555556 | U60: 13.812559 | V60: 63.221781 | W60: =U60/(U60+V60)*100 -> 17.930392 | X60: 6352.25 | Y60: 17.54 | Z60: 0.08 | AA60: 6.53 | AB60: 33.3 | AC60: 14.85 | AD60: 28376.99 | AE60: 589.23 | AF60: 23.92 | AG60: 14.15 | AH60: < 0.39 | AI60: 45.68 | AJ60: 97.99 | AK60: 0.06 | AL60: 0 | AM60: 0.133 | AN60: 6.322 | AO60: 463.084 | AP60: 146.416 | AQ60: 19.101763 | AR60: < 0.008 | AS60: < 3.048 | AT60: < 0.062 | AU60: < 0.319 | AV60: < 0.015 | AW60: < 0.057 | AX60: < 2.424 | AY60: < 0.005 | AZ60: < 0.486 | BA60: < 0.040 | BB60: < 0.169 | BC60: < 0.005 | BD60: < 0.050 | BE60: < 0.049 | BF60: 0.082 | BG60: < 0.010 | BH60: < 0.028 | BI60: < 0.004 | BJ60: < 0.008 | BK60: < 0.009 | BL60: < 0.070 | BM60: < 0.007 | BN60: 0.08 | BO60: < 0.026 | BP60: 0.017 | BQ60: < 0.028 | BR60: < 0.017 | BS60: < 0.009 | BT60: < 0.069 | BU60: 0.053 | BV60: < 0.018 | BW60: 0.051 | BX60: < 0.014 | BY60: < 0.099 | BZ60: < 0.016 | CA60: 68.63276 | CB60: 1.795 | CC60: 7.11 | CD60: 27.464 | CE60: 10.000335 | CF60: 85.976727 | CG60: 4.022935
A61: ST13_E21_3 | B61: ST13 | C61: SUMMER_2021 | D61: BRACKISH | E61: 3 | F61: 46.262243 | G61: -1.106867 | H61: 44403 | I61: 0.54930556 | J61: 23.9 | K61: 7.237 | L61: 7.7 | M61: 12.95 | N61: -30.4 | O61: 9.9 | P61: 3.1259186e+09 | Q61: 1.7333333 | R61: 0.93333333 | S61: 0.5 | T61: 3.5555556 | U61: 3.983671 | V61: 24.903456 | W61: =U61/(U61+V61)*100 -> 13.790472 | X61: 6490.72 | Y61: 17.09 | Z61: 0.1 | AA61: 6.39 | AB61: 30.31 | AC61: 15.18 | AD61: 27833.23 | AE61: 562.42 | AF61: 22.87 | AG61: 14.67 | AH61: < 0.4 | AI61: 45.12 | AJ61: 98.33 | AK61: 0.06 | AL61: 0 | AM61: 0.257 | AN61: 7.306 | AO61: 448.93 | AP61: 152.589 | AQ61: 38.428222 | AR61: < 0.008 | AS61: < 3.048 | AT61: < 0.062 | AU61: < 0.319 | AV61: < 0.015 | AW61: < 0.057 | AX61: < 2.424 | AY61: < 0.005 | AZ61: < 0.486 | BA61: < 0.040 | BB61: < 0.169 | BC61: < 0.005 | BD61: < 0.050 | BE61: < 0.049 | BF61: 0.082 | BG61: < 0.010 | BH61: < 0.028 | BI61: < 0.004 | BJ61: < 0.008 | BK61: < 0.009 | BL61: < 0.070 | BM61: < 0.007 | BN61: 0.08 | BO61: < 0.026 | BP61: 0.017 | BQ61: < 0.028 | BR61: < 0.017 | BS61: < 0.009 | BT61: < 0.069 | BU61: 0.053 | BV61: < 0.018 | BW61: 0.051 | BX61: < 0.014 | BY61: < 0.099 | BZ61: < 0.016 | CA61: 60.58257 | CB61: 1.768 | CC61: 8.689 | CD61: 97.85 | CE61: 10.241711 | CF61: 73.913161 | CG61: 15.84513
A62: ST52_E21_1 | B62: ST52 | C62: SUMMER_2021 | D62: SALTED | E62: 1 | F62: 45.961839 | G62: -1.278105 | H62: 44404 | I62: 0.45833333 | J62: 20 | K62: 7.484 | L62: 30.4 | M62: 50.6 | N62: -43.6 | O62: 5.9 | P62: 7.362183e+09 | Q62: 32.266667 | R62: 6.4 | S62: 7.4666667 | T62: 47.2 | U62: 4.2690073 | V62: 13.534052 | W62: =U62/(U62+V62)*100 -> 23.979065 | X62: 5664 | Y62: 10.39 | Z62: 0.09 | AA62: 5.95 | AB62: 16.87 | AC62: 9.88 | AD62: 15327.97 | AE62: 234.17 | AF62: 11.68 | AG62: 14.59 | AH62: < 0.4 | AI62: 23.99 | AJ62: 57.59 | AK62: 0.07 | AL62: 0 | AM62: 0.628 | AN62: 6.916 | AO62: 187.41 | AP62: 91.688 | AQ62: 37.003888 | AR62: < 0.008 | AS62: < 2.874 | AT62: < 0.058 | AU62: < 0.300 | AV62: < 0.014 | AW62: < 0.054 | AX62: < 2.285 | AY62: < 0.005 | AZ62: < 0.459 | BA62: < 0.038 | BB62: < 0.159 | BC62: < 0.004 | BD62: 0.063 | BE62: < 0.046 | BF62: 0.147 | BG62: < 0.009 | BH62: < 0.026 | BI62: < 0.004 | BJ62: < 0.008 | BK62: < 0.009 | BL62: < 0.066 | BM62: < 0.007 | BN62: 0.143 | BO62: < 0.024 | BP62: 0.042 | BQ62: 0.039 | BR62: < 0.016 | BS62: < 0.008 | BT62: < 0.065 | BU62: 0.092 | BV62: < 0.017 | BW62: 0.155 | BX62: < 0.013 | BY62: < 0.094 | BZ62: < 0.015 | CA62: 42.627876 | CB62: 2.164 | CC62: 12.18 | CD62: 130.864 | CE62: 7.312817 | CF62: 63.767315 | CG62: 28.919865
A63: ST52_E21_2 | B63: ST52 | C63: SUMMER_2021 | D63: SALTED | E63: 2 | F63: 45.961839 | G63: -1.278105 | H63: 44404 | I63: 0.47152778 | J63: 19.9 | K63: 7.456 | L63: 33.3 | M63: 50.9 | N63: -42.4 | O63: 6.7 | P63: 6.9960225e+09 | Q63: 65.866667 | R63: 6.9333333 | S63: 6.9333333 | T63: 83.822222 | U63: 6.5491201 | V63: 14.019708 | W63: =U63/(U63+V63)*100 -> 31.840025 | X63: 6040.28 | Y63: 11.75 | Z63: 0.09 | AA63: 6.77 | AB63: 20.09 | AC63: 13.74 | AD63: 18555.75 | AE63: 257.43 | AF63: 13.99 | AG63: 20.8 | AH63: < 0.4 | AI63: 27.27 | AJ63: 68.54 | AK63: 0.07 | AL63: 0 | AM63: 0.688 | AN63: 7.428 | AO63: 153.956 | AP63: 55.086 | AQ63: 46.471842 | AR63: < 0.008 | AS63: < 2.874 | AT63: < 0.058 | AU63: < 0.300 | AV63: < 0.014 | AW63: < 0.054 | AX63: < 2.285 | AY63: < 0.005 | AZ63: < 0.459 | BA63: < 0.038 | BB63: < 0.159 | BC63: < 0.004 | BD63: 0.063 | BE63: < 0.046 | BF63: 0.147 | BG63: < 0.009 | BH63: < 0.026 | BI63: < 0.004 | BJ63: < 0.008 | BK63: < 0.009 | BL63: < 0.066 | BM63: < 0.007 | BN63: 0.143 | BO63: < 0.024 | BP63: 0.042 | BQ63: 0.039 | BR63: < 0.016 | BS63: < 0.008 | BT63: < 0.065 | BU63: 0.092 | BV63: < 0.017 | BW63: 0.155 | BX63: < 0.013 | BY63: < 0.094 | BZ63: < 0.015 | CA63: 47.69348 | CB63: 2.358 | CC63: 12.082 | CD63: 121.772 | CE63: 6.362219 | CF63: 65.529058 | CG63: 28.108724
A64: ST52_E21_3 | B64: ST52 | C64: SUMMER_2021 | D64: SALTED | E64: 3 | F64: 45.961839 | G64: -1.278105 | H64: 44404 | I64: 0.48055556 | J64: 20.1 | K64: 7.196 | L64: 33.9 | M64: 51.9 | N64: -27.9 | O64: 6.5 | P64: 8.3516022e+09 | Q64: 189.06667 | R64: 11.2 | S64: 5.3333333 | T64: 206.13333 | U64: 9.419517 | V64: 16.918653 | W64: =U64/(U64+V64)*100 -> 35.76375 | X64: 6035.17 | Y64: 13.12 | Z64: 0.09 | AA64: 7.08 | AB64: 22.09 | AC64: 11.61 | AD64: 20304.08 | AE64: 290.46 | AF64: 15.41 | AG64: 19.65 | AH64: < 0.38 | AI64: 29.45 | AJ64: 73.22 | AK64: 0.08 | AL64: 0 | AM64: 0.644 | AN64: 6.736 | AO64: 197.614 | AP64: 168.836 | AQ64: 60.303726 | AR64: < 0.008 | AS64: < 2.874 | AT64: < 0.058 | AU64: < 0.300 | AV64: < 0.014 | AW64: < 0.054 | AX64: < 2.285 | AY64: < 0.005 | AZ64: < 0.459 | BA64: < 0.038 | BB64: < 0.159 | BC64: < 0.004 | BD64: 0.063 | BE64: < 0.046 | BF64: 0.147 | BG64: < 0.009 | BH64: < 0.026 | BI64: < 0.004 | BJ64: < 0.008 | BK64: < 0.009 | BL64: < 0.066 | BM64: < 0.007 | BN64: 0.143 | BO64: < 0.024 | BP64: 0.042 | BQ64: 0.039 | BR64: < 0.016 | BS64: < 0.008 | BT64: < 0.065 | BU64: 0.092 | BV64: < 0.017 | BW64: 0.155 | BX64: < 0.013 | BY64: < 0.094 | BZ64: < 0.015 | CA64: 53.959942 | CB64: 2.11 | CC64: 8.852 | CD64: 80.138 | CE64: 7.585194 | CF64: 75.13928 | CG64: 17.275526
A65: ST61_E21_1 | B65: ST61 | C65: SUMMER_2021 | D65: SALTED | E65: 1 | F65: 45.771769 | G65: -1.054261 | H65: 44405 | I65: 0.53125 | J65: 22.9 | K65: 7.288 | L65: 25.9 | M65: 40.8 | N65: -44.7 | O65: 9.5 | P65: 2.0593424e+09 | Q65: 58.266667 | R65: 6.2666667 | S65: 0.13333333 | T65: 65.6 | U65: 5.9134467 | V65: 12.614262 | W65: =U65/(U65+V65)*100 -> 31.916773 | X65: 6802.79 | Y65: 21.29 | Z65: 0.27 | AA65: 10.69 | AB65: 31.53 | AC65: 18.57 | AD65: 30447.85 | AE65: 419.68 | AF65: 21.64 | AG65: 21.94 | AH65: < 0.41 | AI65: 40.64 | AJ65: 124.78 | AK65: 0.13 | AL65: 0 | AM65: 0.992 | AN65: 9.192 | AO65: 207.53 | AP65: 87.464 | AQ65: 39.346843 | AR65: < 0.018 | AS65: < 2.307 | AT65: < 0.057 | AU65: < 0.299 | AV65: < 0.018 | AW65: < 0.052 | AX65: < 2.406 | AY65: < 0.007 | AZ65: < 0.449 | BA65: < 0.028 | BB65: < 0.113 | BC65: < 0.004 | BD65: 0.036 | BE65: < 0.046 | BF65: 0.074 | BG65: < 0.009 | BH65: < 0.027 | BI65: 0.005 | BJ65: < 0.009 | BK65: < 0.009 | BL65: < 0.084 | BM65: < 0.009 | BN65: 0.106 | BO65: < 0.013 | BP65: 0.039 | BQ65: < 0.028 | BR65: < 0.014 | BS65: < 0.009 | BT65: < 0.016 | BU65: 0.11 | BV65: < 0.018 | BW65: 0.098 | BX65: < 0.015 | BY65: < 0.096 | BZ65: < 0.022 | CA65: 54.535701 | CB65: 2.139 | CC65: 8.567 | CD65: 70.883 | CE65: 7.421617 | CF65: 78.182019 | CG65: 14.396366
A66: ST61_E21_2 | B66: ST61 | C66: SUMMER_2021 | D66: SALTED | E66: 2 | F66: 45.771769 | G66: -1.054261 | H66: 44405 | I66: 0.53263889 | J66: 22.7 | K66: 7.108 | L66: 28.3 | M66: 44.3 | N66: -23.2 | O66: 19 | P66: 4.8869288e+09 | Q66: 113.06667 | R66: 2.6666667 | S66: 0.93333333 | T66: 117.73333 | U66: 18.11502 | V66: 30.881317 | W66: =U66/(U66+V66)*100 -> 36.972193 | X66: 6383.8 | Y66: 20.13 | Z66: 0.19 | AA66: 9.68 | AB66: 29.38 | AC66: 16.04 | AD66: 25665.61 | AE66: 493.96 | AF66: 19.94 | AG66: 19.92 | AH66: < 0.38 | AI66: 38.95 | AJ66: 109.38 | AK66: 0.12 | AL66: 0 | AM66: 1.156 | AN66: 3.144 | AO66: 189.096 | AP66: 60.2 | AQ66: 74.656233 | AR66: < 0.018 | AS66: < 2.307 | AT66: < 0.057 | AU66: < 0.299 | AV66: < 0.018 | AW66: < 0.052 | AX66: < 2.406 | AY66: < 0.007 | AZ66: < 0.449 | BA66: < 0.028 | BB66: < 0.113 | BC66: < 0.004 | BD66: 0.036 | BE66: < 0.046 | BF66: 0.074 | BG66: < 0.009 | BH66: < 0.027 | BI66: 0.005 | BJ66: < 0.009 | BK66: < 0.009 | BL66: < 0.084 | BM66: < 0.009 | BN66: 0.106 | BO66: < 0.013 | BP66: 0.039 | BQ66: < 0.028 | BR66: < 0.014 | BS66: < 0.009 | BT66: < 0.016 | BU66: 0.11 | BV66: < 0.018 | BW66: 0.098 | BX66: < 0.015 | BY66: < 0.096 | BZ66: < 0.022 | CA66: 53.378385 | CB66: 1.844 | CC66: 7.862 | CD66: 305.097 | CE66: 9.557938 | CF66: 70.537252 | CG66: 19.904808
A67: ST61_E21_3 | B67: ST61 | C67: SUMMER_2021 | D67: SALTED | E67: 3 | F67: 45.771769 | G67: -1.054261 | H67: 44405 | I67: 0.53472222 | J67: 23.5 | K67: 7.159 | L67: 30.7 | M67: 47.3 | N67: -26.9 | O67: 15 | P67: 4.2717153e+09 | Q67: 96 | R67: 3.4666667 | S67: 2 | T67: 104.57778 | U67: 11.771466 | V67: 25.409486 | W67: =U67/(U67+V67)*100 -> 31.659937 | X67: 6473.28 | Y67: 18.76 | Z67: 0.19 | AA67: 9.82 | AB67: 29.56 | AC67: 17.65 | AD67: 25365.67 | AE67: 573.09 | AF67: 20.01 | AG67: 20.29 | AH67: < 0.39 | AI67: 39.69 | AJ67: 111.57 | AK67: 0.12 | AL67: 0.66 | AM67: 0.556 | AN67: 1.588 | AO67: 157.196 | AP67: 23.392 | AQ67: 47.214436 | AR67: < 0.018 | AS67: < 2.307 | AT67: < 0.057 | AU67: < 0.299 | AV67: < 0.018 | AW67: < 0.052 | AX67: < 2.406 | AY67: < 0.007 | AZ67: < 0.449 | BA67: < 0.028 | BB67: < 0.113 | BC67: < 0.004 | BD67: 0.036 | BE67: < 0.046 | BF67: 0.074 | BG67: < 0.009 | BH67: < 0.027 | BI67: 0.005 | BJ67: < 0.009 | BK67: < 0.009 | BL67: < 0.084 | BM67: < 0.009 | BN67: 0.106 | BO67: < 0.013 | BP67: 0.039 | BQ67: < 0.028 | BR67: < 0.014 | BS67: < 0.009 | BT67: < 0.016 | BU67: 0.11 | BV67: < 0.018 | BW67: 0.098 | BX67: < 0.015 | BY67: < 0.096 | BZ67: < 0.022 | CA67: 56.293186 | CB67: 2.011 | CC67: 7.789 | CD67: 49.851 | CE67: 8.223179 | CF67: 80.924443 | CG67: 10.852379
A68: ST63_E21_1 | B68: ST63 | C68: SUMMER_2021 | D68: BRACKISH | E68: 1 | F68: 45.323742 | G68: -0.70269 | H68: 44413 | I68: 11h46 | J68: 21.4 | K68: 7.68 | L68: 4.7 | M68: 8.57 | N68: -34.4 | O68: 20 | P68: 5.3941525e+08 | Q68: 3.1333333 | R68: 4.6 | S68: 0.66666667 | T68: 9.5111111 | U68: 0.94902024 | V68: 4.1376048 | W68: =U68/(U68+V68)*100 -> 18.657169 | X68: 7144.78 | Y68: 40.01 | Z68: 0.26 | AA68: 17.92 | AB68: 33.15 | AC68: 22.85 | AD68: 42645.15 | AE68: 418.85 | AF68: 35.16 | AG68: 19.77 | AH68: < 0.4 | AI68: 36.92 | AJ68: 132.93 | AK68: 0.16 | AL68: 0 | AM68: 0.88 | AN68: 3.652 | AO68: 160.352 | AP68: 76.164 | AQ68: 43.589972 | AR68: < 0.019 | AS68: < 2.448 | AT68: < 0.061 | AU68: < 0.317 | AV68: < 0.019 | AW68: < 0.055 | AX68: < 2.553 | AY68: < 0.007 | AZ68: < 0.476 | BA68: < 0.030 | BB68: < 0.120 | BC68: < 0.004 | BD68: 0.046 | BE68: < 0.049 | BF68: 0.086 | BG68: < 0.010 | BH68: < 0.028 | BI68: 0.004 | BJ68: < 0.009 | BK68: < 0.010 | BL68: < 0.089 | BM68: < 0.009 | BN68: 0.141 | BO68: < 0.014 | BP68: 0.028 | BQ68: < 0.029 | BR68: < 0.015 | BS68: < 0.010 | BT68: < 0.017 | BU68: 0.08 | BV68: < 0.019 | BW68: 0.112 | BX68: < 0.016 | BY68: < 0.102 | BZ68: 0.045 | CA68: 52.243139 | CB68: 1.653 | CC68: 6.122 | CD68: 34.891 | CE68: 11.558673 | CF68: 80.471885 | CG68: 7.969441
A69: ST63_E21_2 | B69: ST63 | C69: SUMMER_2021 | D69: BRACKISH | E69: 2 | F69: 45.323742 | G69: -0.70269 | H69: 44413 | I69: 11h38 | J69: 20.8 | K69: 7.214 | L69: 5.5 | M69: 9.97 | N69: -28.5 | O69: 16 | P69: 1.8275271e+09 | Q69: 10.8 | R69: 3.3333333 | S69: 1.0666667 | T69: 19.155556 | U69: 1.7877422 | V69: 6.8732264 | W69: =U69/(U69+V69)*100 -> 20.641366 | X69: 6654.89 | Y69: 29.16 | Z69: 0.39 | AA69: 26.44 | AB69: 26.09 | AC69: 21.59 | AD69: 31089.22 | AE69: 407.24 | AF69: 34.38 | AG69: 20.53 | AH69: < 0.38 | AI69: 34.02 | AJ69: 155.51 | AK69: 0.15 | AL69: 0 | AM69: 0.577 | AN69: 1.448 | AO69: 149.427 | AP69: 71.86 | AQ69: 45.100959 | AR69: < 0.019 | AS69: < 2.448 | AT69: < 0.061 | AU69: < 0.317 | AV69: < 0.019 | AW69: < 0.055 | AX69: < 2.553 | AY69: < 0.007 | AZ69: < 0.476 | BA69: < 0.030 | BB69: < 0.120 | BC69: < 0.004 | BD69: 0.046 | BE69: < 0.049 | BF69: 0.086 | BG69: < 0.010 | BH69: < 0.028 | BI69: 0.004 | BJ69: < 0.009 | BK69: < 0.010 | BL69: < 0.089 | BM69: < 0.009 | BN69: 0.141 | BO69: < 0.014 | BP69: 0.028 | BQ69: < 0.029 | BR69: < 0.015 | BS69: < 0.010 | BT69: < 0.017 | BU69: 0.08 | BV69: < 0.019 | BW69: 0.112 | BX69: < 0.016 | BY69: < 0.102 | BZ69: 0.045 | CA69: 49.597895 | CB69: 1.797 | CC69: 8.966 | CD69: 115.227 | CE69: 9.987153 | CF69: 73.005952 | CG69: 17.006896
A70: ST63_E21_3 | B70: ST63 | C70: SUMMER_2021 | D70: BRACKISH | E70: 3 | F70: 45.323742 | G70: -0.70269 | H70: 44413 | I70: 11h21 | J70: 20.8 | K70: 7.171 | L70: 4.9 | M70: 8.72 | N70: -26.4 | O70: 19 | P70: 1.3388765e+09 | Q70: 8.5333333 | R70: 1.4 | S70: 0.13333333 | T70: 12.066667 | U70: 1.146205 | V70: 5.154417 | W70: =U70/(U70+V70)*100 -> 18.191934 | X70: 7247.15 | Y70: 21.1 | Z70: 0.3 | AA70: 21.1 | AB70: 29.11 | AC70: 21.79 | AD70: 28682.63 | AE70: 416.44 | AF70: 31.19 | AG70: 21.62 | AH70: < 0.41 | AI70: 39.18 | AJ70: 122.26 | AK70: 0.15 | AL70: 0 | AM70: 1.22 | AN70: 3.688 | AO70: 155.72 | AP70: 107.472 | AQ70: 44.653659 | AR70: < 0.019 | AS70: < 2.448 | AT70: < 0.061 | AU70: < 0.317 | AV70: < 0.019 | AW70: < 0.055 | AX70: < 2.553 | AY70: < 0.007 | AZ70: < 0.476 | BA70: < 0.030 | BB70: < 0.120 | BC70: < 0.004 | BD70: 0.046 | BE70: < 0.049 | BF70: 0.086 | BG70: < 0.010 | BH70: < 0.028 | BI70: 0.004 | BJ70: < 0.009 | BK70: < 0.010 | BL70: < 0.089 | BM70: < 0.009 | BN70: 0.141 | BO70: < 0.014 | BP70: 0.028 | BQ70: < 0.029 | BR70: < 0.015 | BS70: < 0.010 | BT70: < 0.017 | BU70: 0.08 | BV70: < 0.019 | BW70: 0.112 | BX70: < 0.016 | BY70: < 0.102 | BZ70: 0.045 | CA70: 48.254116 | CB70: 1.555 | CC70: 6.785 | CD70: 35.968 | CE70: 12.595853 | CF70: 79.653474 | CG70: 7.750669
A71: STRAPH_E21_1 | B71: STRAPH | C71: SUMMER_2021 | D71: FRESHWATER | E71: 1 | F71: 45.996237 | G71: -0.793843 | H71: 44412 | I71: 0.42083333 | J71: 19.4 | K71: 7.051 | L71: 0.3 | M71: 0.833 | N71: -19.6 | O71: 17 | P71: 2.55526e+09 | Q71: 12.066667 | R71: 0.2 | S71: 2.4 | T71: 15.266667 | U71: 16.491935 | V71: 30.338135 | W71: =U71/(U71+V71)*100 -> 35.216551 | X71: 6603.91 | Y71: 10.88 | Z71: 0.1 | AA71: 9.53 | AB71: 27.65 | AC71: 10.96 | AD71: 24129.95 | AE71: 416.83 | AF71: 21.87 | AG71: 19.47 | AH71: < 0.38 | AI71: 31.42 | AJ71: 86.69 | AK71: 0.07 | AL71: 0 | AM71: 0.245 | AN71: 0.79 | AO71: 453.987 | AP71: 63.265 | AQ71: 56.655811 | AR71: < 0.018 | AS71: < 2.376 | AT71: < 0.059 | AU71: < 0.308 | AV71: < 0.018 | AW71: < 0.054 | AX71: < 2.477 | AY71: < 0.007 | AZ71: < 0.462 | BA71: < 0.029 | BB71: < 0.117 | BC71: < 0.004 | BD71: < 0.030 | BE71: < 0.048 | BF71: < 0.049 | BG71: < 0.009 | BH71: < 0.027 | BI71: < 0.004 | BJ71: < 0.009 | BK71: < 0.009 | BL71: < 0.086 | BM71: < 0.009 | BN71: 0.024 | BO71: < 0.013 | BP71: < 0.014 | BQ71: < 0.029 | BR71: < 0.015 | BS71: < 0.009 | BT71: < 0.017 | BU71: < 0.010 | BV71: < 0.018 | BW71: < 0.027 | BX71: < 0.015 | BY71: < 0.099 | BZ71: < 0.023 | CA71: 64.017167 | CB71: 2.046 | CC71: 9.243 | CD71: 49.442 | CE71: 8.055336 | CF71: 80.982892 | CG71: 10.961773
A72: STRAPH_E21_2 | B72: STRAPH | C72: SUMMER_2021 | D72: FRESHWATER | E72: 2 | F72: 45.996237 | G72: -0.793843 | H72: 44412 | I72: 0.43263889 | J72: 19.4 | K72: 7.018 | L72: 0.4 | M72: 0.861 | N72: -17.9 | O72: 32 | P72: 1.9767405e+09 | Q72: 21.533333 | R72: 0.4 | S72: 3.4666667 | T72: 26.222222 | U72: 14.668894 | V72: 36.17532 | W72: =U72/(U72+V72)*100 -> 28.850665 | X72: 6885.16 | Y72: 11.09 | Z72: 0.09 | AA72: 9.24 | AB72: 28.44 | AC72: 10.17 | AD72: 24894.61 | AE72: 403.83 | AF72: 21.95 | AG72: 20.56 | AH72: < 0.39 | AI72: 32.15 | AJ72: 81.07 | AK72: 0.07 | AL72: 0 | AM72: 0.205 | AN72: 0.533 | AO72: 441.204 | AP72: 81.482 | AQ72: 37.764525 | AR72: < 0.018 | AS72: < 2.376 | AT72: < 0.059 | AU72: < 0.308 | AV72: < 0.018 | AW72: < 0.054 | AX72: < 2.477 | AY72: < 0.007 | AZ72: < 0.462 | BA72: < 0.029 | BB72: < 0.117 | BC72: < 0.004 | BD72: < 0.030 | BE72: < 0.048 | BF72: < 0.049 | BG72: < 0.009 | BH72: < 0.027 | BI72: < 0.004 | BJ72: < 0.009 | BK72: < 0.009 | BL72: < 0.086 | BM72: < 0.009 | BN72: 0.024 | BO72: < 0.013 | BP72: < 0.014 | BQ72: < 0.029 | BR72: < 0.015 | BS72: < 0.009 | BT72: < 0.017 | BU72: < 0.010 | BV72: < 0.018 | BW72: < 0.027 | BX72: < 0.015 | BY72: < 0.099 | BZ72: < 0.023 | CA72: 64.825249 | CB72: 2.008 | CC72: 7.615 | CD72: 33.398 | CE72: 8.196883 | CF72: 85.541286 | CG72: 6.261829
A73: STRAPH_E21_3 | B73: STRAPH | C73: SUMMER_2021 | D73: FRESHWATER | E73: 3 | F73: 45.996237 | G73: -0.793843 | H73: 44412 | I73: 0.43958333 | J73: 19.4 | K73: 7.002 | L73: 0.4 | M73: 0.877 | N73: -17.1 | O73: 16 | P73: 1.9954638e+09 | Q73: 16.8 | R73: 0.93333333 | S73: 3.7333333 | T73: 22.288889 | U73: 11.258509 | V73: 26.584628 | W73: =U73/(U73+V73)*100 -> 29.750465 | X73: 6761.44 | Y73: 11.23 | Z73: 0.1 | AA73: 9.54 | AB73: 28.05 | AC73: 10.59 | AD73: 24801.94 | AE73: 393.84 | AF73: 22.05 | AG73: 19.55 | AH73: < 0.38 | AI73: 31.89 | AJ73: 81.49 | AK73: 0.07 | AL73: 0 | AM73: 0.271 | AN73: 1.174 | AO73: 444.863 | AP73: 101.881 | AQ73: 56.467312 | AR73: < 0.018 | AS73: < 2.376 | AT73: < 0.059 | AU73: < 0.308 | AV73: < 0.018 | AW73: < 0.054 | AX73: < 2.477 | AY73: < 0.007 | AZ73: < 0.462 | BA73: < 0.029 | BB73: < 0.117 | BC73: < 0.004 | BD73: < 0.030 | BE73: < 0.048 | BF73: < 0.049 | BG73: < 0.009 | BH73: < 0.027 | BI73: < 0.004 | BJ73: < 0.009 | BK73: < 0.009 | BL73: < 0.086 | BM73: < 0.009 | BN73: 0.024 | BO73: < 0.013 | BP73: < 0.014 | BQ73: < 0.029 | BR73: < 0.015 | BS73: < 0.009 | BT73: < 0.017 | BU73: < 0.010 | BV73: < 0.018 | BW73: < 0.027 | BX73: < 0.015 | BY73: < 0.099 | BZ73: < 0.023 | CA73: 62.255487 | CB73: 1.919 | CC73: 7.61 | CD73: 34.755 | CE73: 8.910215 | CF73: 84.245352 | CG73: 6.844433
A74: ST6_A21_1 | B74: ST6 | C74: AUTUMN_2021 | D74: FRESHWATER | E74: 1 | F74: 46.28213 | G74: -0.969368 | H74: 44540 | I74: 0.46527778 | J74: 7.8 | K74: 7.8 | L74: 0.6 | M74: 0.1227 | N74: -41.723 | O74: 6.6 | P74: 1.8510508e+09 | Q74: 1.7666667 | R74: 0.63333333 | S74: 1.6666667 | T74: 4.5888889 | U74: 3.0635487 | V74: 9.3871688 | W74: =U74/(U74+V74)*100 -> 24.605399 | X74: 5991.98 | Y74: 7.34 | Z74: 0.08 | AA74: 5.62 | AB74: 13.8 | AC74: 9.16 | AD74: 16372.08 | AE74: 309.1 | AF74: 11.19 | AG74: 13.05 | AH74: < 0.4 | AI74: 26.45 | AJ74: 57.63 | AK74: 0.04 | AL74: 0 | AM74: 0.33 | AN74: 0.61 | AO74: 319.6 | AP74: 112.33 | AQ74: 45.486639 | AR74: < 0.008 | AS74: < 2.988 | AT74: < 0.061 | AU74: < 0.312 | AV74: < 0.015 | AW74: < 0.056 | AX74: < 2.376 | AY74: < 0.005 | AZ74: < 0.477 | BA74: < 0.040 | BB74: < 0.166 | BC74: < 0.004 | BD74: < 0.049 | BE74: < 0.048 | BF74: < 0.049 | BG74: < 0.009 | BH74: < 0.027 | BI74: < 0.004 | BJ74: < 0.008 | BK74: < 0.009 | BL74: < 0.068 | BM74: < 0.007 | BN74: < 0.068 | BO74: < 0.025 | BP74: < 0.009 | BQ74: < 0.027 | BR74: < 0.016 | BS74: < 0.009 | BT74: < 0.067 | BU74: < 0.010 | BV74: < 0.017 | BW74: < 0.029 | BX74: < 0.013 | BY74: < 0.097 | BZ74: 0.026 | CA74: 46.614761 | CB74: 3.569 | CC74: 113.444 | CD74: 1012.508 | CE74: 3.923251 | CF74: 38.433541 | CG74: 57.643209
A75: ST6_A21_2 | B75: ST6 | C75: AUTUMN_2021 | D75: FRESHWATER | E75: 2 | F75: 46.28213 | G75: -0.969368 | H75: 44540 | I75: 0.46944444 | J75: 7.8 | K75: 7.34 | L75: 0.5 | M75: 0.1191 | N75: -16.0619 | O75: 18 | P75: 1.2292678e+09 | Q75: 6.0666667 | R75: 1.0666667 | S75: 2.6 | T75: 10.866667 | U75: 11.713882 | V75: 31.555896 | W75: =U75/(U75+V75)*100 -> 27.071741 | X75: 6762.86 | Y75: 10.68 | Z75: 0.08 | AA75: 7.14 | AB75: 25.44 | AC75: 10.8 | AD75: 21611.92 | AE75: 412.5 | AF75: 19.54 | AG75: 20.26 | AH75: < 0.4 | AI75: 31.05 | AJ75: 78.7 | AK75: 0.06 | AL75: 0 | AM75: 0.32 | AN75: 0.84 | AO75: 454.42 | AP75: 89.22 | AQ75: 54.81652 | AR75: < 0.008 | AS75: < 2.988 | AT75: < 0.061 | AU75: < 0.312 | AV75: < 0.015 | AW75: < 0.056 | AX75: < 2.376 | AY75: < 0.005 | AZ75: < 0.477 | BA75: < 0.040 | BB75: < 0.166 | BC75: < 0.004 | BD75: < 0.049 | BE75: < 0.048 | BF75: < 0.049 | BG75: < 0.009 | BH75: < 0.027 | BI75: < 0.004 | BJ75: < 0.008 | BK75: < 0.009 | BL75: < 0.068 | BM75: < 0.007 | BN75: < 0.068 | BO75: < 0.025 | BP75: < 0.009 | BQ75: < 0.027 | BR75: < 0.016 | BS75: < 0.009 | BT75: < 0.067 | BU75: < 0.010 | BV75: < 0.017 | BW75: < 0.029 | BX75: < 0.013 | BY75: < 0.097 | BZ75: 0.026 | CA75: 68.199696 | CB75: 2.003 | CC75: 8.423 | CD75: 44.289 | CE75: 8.331711 | CF75: 82.054848 | CG75: 9.613442
A76: ST6_A21_3 | B76: ST6 | C76: AUTUMN_2021 | D76: FRESHWATER | E76: 3 | F76: 46.28213 | G76: -0.969368 | H76: 44540 | I76: 0.475 | J76: 7.9 | K76: 7.39 | L76: 0.6 | M76: 0.1232 | N76: -18.85115 | O76: 5.6 | P76: 9.9315254e+08 | Q76: 5.6 | R76: 1.2 | S76: 2 | T76: 9.3333333 | U76: 5.6191499 | V76: 24.471012 | W76: =U76/(U76+V76)*100 -> 18.674376 | X76: 6768.35 | Y76: 10.71 | Z76: 0.08 | AA76: 7.47 | AB76: 26.42 | AC76: 15.45 | AD76: 22322.69 | AE76: 394 | AF76: 19.52 | AG76: 17.12 | AH76: < 0.41 | AI76: 29.91 | AJ76: 75.49 | AK76: 0.06 | AL76: 0 | AM76: 0.34 | AN76: 0.49 | AO76: 424.6 | AP76: 94.3 | AQ76: 48.432135 | AR76: < 0.008 | AS76: < 2.988 | AT76: < 0.061 | AU76: < 0.312 | AV76: < 0.015 | AW76: < 0.056 | AX76: < 2.376 | AY76: < 0.005 | AZ76: < 0.477 | BA76: < 0.040 | BB76: < 0.166 | BC76: < 0.004 | BD76: < 0.049 | BE76: < 0.048 | BF76: < 0.049 | BG76: < 0.009 | BH76: < 0.027 | BI76: < 0.004 | BJ76: < 0.008 | BK76: < 0.009 | BL76: < 0.068 | BM76: < 0.007 | BN76: < 0.068 | BO76: < 0.025 | BP76: < 0.009 | BQ76: < 0.027 | BR76: < 0.016 | BS76: < 0.009 | BT76: < 0.067 | BU76: < 0.010 | BV76: < 0.017 | BW76: < 0.029 | BX76: < 0.013 | BY76: < 0.097 | BZ76: 0.026 | CA76: 58.420797 | CB76: 1.831 | CC76: 8.985 | CD76: 168.178 | CE76: 9.683883 | CF76: 69.547775 | CG76: 20.768343
A77: ST75_A21_1 | B77: St75 | C77: AUTUMN_2021 | D77: BRACKISH | E77: 1 | F77: 45.883995 | G77: -1.055508 | H77: 44543 | I77: 0.45277778 | J77: 8.2 | K77: 7.24 | L77: 2.5 | M77: 4.67 | N77: -10.4834 | O77: 15 | P77: 1.0094737e+09 | Q77: 1.6 | R77: 14.8 | S77: 3.4666667 | T77: 22.177778 | U77: 17.800628 | V77: 54.217289 | W77: =U77/(U77+V77)*100 -> 24.716944 | X77: 7123.23 | Y77: 19.85 | Z77: 0.11 | AA77: 10.91 | AB77: 30.84 | AC77: 14.71 | AD77: 29158.76 | AE77: 610.08 | AF77: 24.28 | AG77: 19.26 | AH77: < 0.4 | AI77: 45.34 | AJ77: 101.56 | AK77: 0.08 | AL77: 0.06 | AM77: 0.17 | AN77: 1.49 | AO77: 435.18 | AP77: 146.26 | AQ77: NA | AR77: < 0.019 | AS77: < 2.399 | AT77: < 0.059 | AU77: < 0.311 | AV77: < 0.019 | AW77: < 0.054 | AX77: < 2.502 | AY77: < 0.007 | AZ77: < 0.467 | BA77: < 0.029 | BB77: < 0.118 | BC77: < 0.004 | BD77: < 0.030 | BE77: < 0.048 | BF77: < 0.049 | BG77: < 0.010 | BH77: < 0.028 | BI77: < 0.004 | BJ77: < 0.009 | BK77: < 0.010 | BL77: < 0.087 | BM77: < 0.009 | BN77: 0.033 | BO77: < 0.013 | BP77: < 0.015 | BQ77: < 0.029 | BR77: < 0.015 | BS77: < 0.009 | BT77: < 0.017 | BU77: < 0.010 | BV77: < 0.018 | BW77: < 0.027 | BX77: < 0.015 | BY77: < 0.100 | BZ77: < 0.023 | CA77: 65.399678 | CB77: 1.993 | CC77: 9.491 | CD77: 51.857 | CE77: 8.41268 | CF77: 80.168641 | CG77: 11.418678
A78: ST75_A21_2 | B78: St75 | C78: AUTUMN_2021 | D78: BRACKISH | E78: 2 | F78: 45.883995 | G78: -1.055508 | H78: 44543 | I78: 0.45833333 | J78: 8.6 | K78: 7.34 | L78: 2.6 | M78: 4.87 | N78: -16.0619 | O78: 16 | P78: 1.2686847e+09 | Q78: 1.6 | R78: 11.2 | S78: 3.7333333 | T78: 17.155556 | U78: 11.354653 | V78: 37.418581 | W78: =U78/(U78+V78)*100 -> 23.2805 | X78: 7050.9 | Y78: 18.61 | Z78: 0.11 | AA78: 9.68 | AB78: 27.35 | AC78: 13.69 | AD78: 25845.56 | AE78: 573.39 | AF78: 22.03 | AG78: 20.03 | AH78: < 0.4 | AI78: 41.59 | AJ78: 88.82 | AK78: 0.07 | AL78: 0.06 | AM78: 0.13 | AN78: 1.9 | AO78: 443.87 | AP78: 139.8 | AQ78: NA | AR78: < 0.019 | AS78: < 2.399 | AT78: < 0.059 | AU78: < 0.311 | AV78: < 0.019 | AW78: < 0.054 | AX78: < 2.502 | AY78: < 0.007 | AZ78: < 0.467 | BA78: < 0.029 | BB78: < 0.118 | BC78: < 0.004 | BD78: < 0.030 | BE78: < 0.048 | BF78: < 0.049 | BG78: < 0.010 | BH78: < 0.028 | BI78: < 0.004 | BJ78: < 0.009 | BK78: < 0.010 | BL78: < 0.087 | BM78: < 0.009 | BN78: 0.033 | BO78: < 0.013 | BP78: < 0.015 | BQ78: < 0.029 | BR78: < 0.015 | BS78: < 0.009 | BT78: < 0.017 | BU78: < 0.010 | BV78: < 0.018 | BW78: < 0.027 | BX78: < 0.015 | BY78: < 0.100 | BZ78: < 0.023 | CA78: 61.896674 | CB78: 2.073 | CC78: 8.446 | CD78: 84.946 | CE78: 7.8165 | CF78: 77.493976 | CG78: 14.689523
A79: ST75_A21_3 | B79: St75 | C79: AUTUMN_2021 | D79: BRACKISH | E79: 3 | F79: 45.883995 | G79: -1.055508 | H79: 44543 | I79: 0.46319444 | J79: 8.6 | K79: 7.4 | L79: 2.4 | M79: 4.62 | N79: -19.409 | O79: 12 | P79: 1.2823901e+09 | Q79: 0.93333333 | R79: 24.533333 | S79: 3.6 | T79: 29.155556 | U79: 12.104766 | V79: 50.287761 | W79: =U79/(U79+V79)*100 -> 19.400987 | X79: 7233.69 | Y79: 18.54 | Z79: 0.11 | AA79: 10.29 | AB79: 29.95 | AC79: 14.07 | AD79: 27864.26 | AE79: 594.89 | AF79: 23.33 | AG79: 20.09 | AH79: < 0.4 | AI79: 43.05 | AJ79: 89.9 | AK79: 0.08 | AL79: 0.4 | AM79: 0.24 | AN79: 0.91 | AO79: 397.98 | AP79: 151.86 | AQ79: NA | AR79: < 0.019 | AS79: < 2.399 | AT79: < 0.059 | AU79: < 0.311 | AV79: < 0.019 | AW79: < 0.054 | AX79: < 2.502 | AY79: < 0.007 | AZ79: < 0.467 | BA79: < 0.029 | BB79: < 0.118 | BC79: < 0.004 | BD79: < 0.030 | BE79: < 0.048 | BF79: < 0.049 | BG79: < 0.010 | BH79: < 0.028 | BI79: < 0.004 | BJ79: < 0.009 | BK79: < 0.010 | BL79: < 0.087 | BM79: < 0.009 | BN79: 0.033 | BO79: < 0.013 | BP79: < 0.015 | BQ79: < 0.029 | BR79: < 0.015 | BS79: < 0.009 | BT79: < 0.017 | BU79: < 0.010 | BV79: < 0.018 | BW79: < 0.027 | BX79: < 0.015 | BY79: < 0.100 | BZ79: < 0.023 | CA79: 65.048527 | CB79: 1.818 | CC79: 7.6 | CD79: 39.043 | CE79: 9.78876 | CF79: 81.750908 | CG79: 8.460333
A80: ST16_A21_1 | B80: ST16 | C80: AUTUMN_2021 | D80: SALTED | E80: 1 | F80: 46.23537 | G80: -1.514997 | H80: 44536 | I80: 0.42361111 | J80: 8.6 | K80: 7.56 | L80: 34.1 | M80: 52.5 | N80: -28.3346 | O80: 3.8 | P80: 9.6752069e+09 | Q80: 170.93333 | R80: 7.4666667 | S80: 3.7333333 | T80: 183.82222 | U80: 22.751681 | V80: 21.280908 | W80: =U80/(U80+V80)*100 -> 51.670096 | X80: 5848.08 | Y80: 11.18 | Z80: 0.14 | AA80: 4.43 | AB80: 16.41 | AC80: 8.8 | AD80: 13336.99 | AE80: 158.46 | AF80: 9.8 | AG80: 12.63 | AH80: < 0.4 | AI80: 24.34 | AJ80: 53.35 | AK80: 0.06 | AL80: 0 | AM80: 2.06 | AN80: 18.97 | AO80: 153.3 | AP80: 86.57 | AQ80: 42.393465 | AR80: 0.009 | AS80: < 2.794 | AT80: < 0.057 | AU80: < 0.292 | AV80: < 0.014 | AW80: < 0.052 | AX80: < 2.222 | AY80: < 0.005 | AZ80: < 0.446 | BA80: < 0.037 | BB80: < 0.155 | BC80: < 0.004 | BD80: < 0.046 | BE80: < 0.045 | BF80: 0.068 | BG80: < 0.009 | BH80: < 0.025 | BI80: < 0.004 | BJ80: < 0.007 | BK80: < 0.009 | BL80: < 0.064 | BM80: < 0.007 | BN80: < 0.063 | BO80: < 0.024 | BP80: 0.01 | BQ80: < 0.025 | BR80: < 0.015 | BS80: < 0.008 | BT80: < 0.063 | BU80: 0.03 | BV80: < 0.016 | BW80: < 0.027 | BX80: < 0.012 | BY80: < 0.091 | BZ80: < 0.015 | CA80: 49.922996 | CB80: 2.486 | CC80: 10.581 | CD80: 133.865 | CE80: 5.769831 | CF80: 68.995128 | CG80: 25.23504
A81: ST16_A21_2 | B81: ST16 | C81: AUTUMN_2021 | D81: SALTED | E81: 2 | F81: 46.23537 | G81: -1.514997 | H81: 44536 | I81: 0.42708333 | J81: 8.5 | K81: 7.65 | L81: 33.1 | M81: 51.2 | N81: -33.35525 | O81: 18 | P81: 4.9775525e+09 | Q81: 71.333333 | R81: 1.4666667 | S81: 0.4 | T81: 74 | U81: 19.561401 | V81: 17.78302 | W81: =U81/(U81+V81)*100 -> 52.381053 | X81: 6259.04 | Y81: 13.66 | Z81: 0.12 | AA81: 4.98 | AB81: 18.57 | AC81: 9.24 | AD81: 16028.19 | AE81: 181.62 | AF81: 11.38 | AG81: 13.67 | AH81: < 0.42 | AI81: 27.73 | AJ81: 56.43 | AK81: 0.06 | AL81: 2.07 | AM81: 0.84 | AN81: 3.55 | AO81: 149.16 | AP81: 43.37 | AQ81: 32.90518 | AR81: 0.009 | AS81: < 2.794 | AT81: < 0.057 | AU81: < 0.292 | AV81: < 0.014 | AW81: < 0.052 | AX81: < 2.222 | AY81: < 0.005 | AZ81: < 0.446 | BA81: < 0.037 | BB81: < 0.155 | BC81: < 0.004 | BD81: < 0.046 | BE81: < 0.045 | BF81: 0.068 | BG81: < 0.009 | BH81: < 0.025 | BI81: < 0.004 | BJ81: < 0.007 | BK81: < 0.009 | BL81: < 0.064 | BM81: < 0.007 | BN81: < 0.063 | BO81: < 0.024 | BP81: 0.01 | BQ81: < 0.025 | BR81: < 0.015 | BS81: < 0.008 | BT81: < 0.063 | BU81: 0.03 | BV81: < 0.016 | BW81: < 0.027 | BX81: < 0.012 | BY81: < 0.091 | BZ81: < 0.015 | CA81: 41.928195 | CB81: 2.179 | CC81: 10.157 | CD81: 121.439 | CE81: 7.295182 | CF81: 66.36494 | CG81: 26.339876
A82: ST16_A21_3 | B82: ST16 | C82: AUTUMN_2021 | D82: SALTED | E82: 3 | F82: 46.23537 | G82: -1.514997 | H82: 44536 | I82: 0.42916667 | J82: 8.2 | K82: 7.61 | L82: 34.1 | M82: 52.7 | N82: -31.12385 | O82: 3.1 | P82: 5.7020505e+09 | Q82: 100.8 | R82: 4 | S82: 3.4666667 | T82: 109.15556 | U82: 13.324693 | V82: 14.088609 | W82: =U82/(U82+V82)*100 -> 48.606668 | X82: 5807.87 | Y82: 10.48 | Z82: 0.11 | AA82: 4.1 | AB82: 15.43 | AC82: 7.71 | AD82: 13513.88 | AE82: 167.93 | AF82: 9.44 | AG82: 12.41 | AH82: < 0.41 | AI82: 23.03 | AJ82: 47.55 | AK82: 0.06 | AL82: 0.93 | AM82: 0.78 | AN82: 5.34 | AO82: 132.24 | AP82: 55.96 | AQ82: 27.182809 | AR82: 0.009 | AS82: < 2.794 | AT82: < 0.057 | AU82: < 0.292 | AV82: < 0.014 | AW82: < 0.052 | AX82: < 2.222 | AY82: < 0.005 | AZ82: < 0.446 | BA82: < 0.037 | BB82: < 0.155 | BC82: < 0.004 | BD82: < 0.046 | BE82: < 0.045 | BF82: 0.068 | BG82: < 0.009 | BH82: < 0.025 | BI82: < 0.004 | BJ82: < 0.007 | BK82: < 0.009 | BL82: < 0.064 | BM82: < 0.007 | BN82: < 0.063 | BO82: < 0.024 | BP82: 0.01 | BQ82: < 0.025 | BR82: < 0.015 | BS82: < 0.008 | BT82: < 0.063 | BU82: 0.03 | BV82: < 0.016 | BW82: < 0.027 | BX82: < 0.012 | BY82: < 0.091 | BZ82: < 0.015 | CA82: 43.577718 | CB82: 2.333 | CC82: 14.098 | CD82: 146.066 | CE82: 6.642665 | CF82: 59.627681 | CG82: 33.729655
A83: ST13_A21_1 | B83: ST13 | C83: AUTUMN_2021 | D83: BRACKISH | E83: 1 | F83: 46.262243 | G83: -1.106867 | H83: 44536 | I83: 0.51736111 | J83: 8.6 | K83: 7.48 | L83: 16.5 | M83: 26.9 | N83: -23.8718 | O83: 9.7 | P83: 4.2191593e+09 | Q83: 18.933333 | R83: 0.26666667 | S83: 0.33333333 | T83: 19.955556 | U83: 15.59572 | V83: 35.455096 | W83: =U83/(U83+V83)*100 -> 30.549404 | X83: 7169.34 | Y83: 17.7 | Z83: 0.13 | AA83: 10.15 | AB83: 29.15 | AC83: 22.48 | AD83: 26866.62 | AE83: 766.13 | AF83: 22.43 | AG83: 21.24 | AH83: < 0.41 | AI83: 42.72 | AJ83: 172.92 | AK83: 0.1 | AL83: 0 | AM83: 1.48 | AN83: 25.99 | AO83: 457.94 | AP83: 147.81 | AQ83: 35.988046 | AR83: < 0.008 | AS83: < 3.048 | AT83: < 0.062 | AU83: < 0.319 | AV83: < 0.015 | AW83: < 0.057 | AX83: < 2.424 | AY83: < 0.005 | AZ83: < 0.486 | BA83: < 0.040 | BB83: < 0.169 | BC83: < 0.005 | BD83: < 0.050 | BE83: < 0.049 | BF83: 0.082 | BG83: < 0.010 | BH83: < 0.028 | BI83: < 0.004 | BJ83: < 0.008 | BK83: < 0.009 | BL83: < 0.070 | BM83: < 0.007 | BN83: 0.08 | BO83: < 0.026 | BP83: 0.017 | BQ83: < 0.028 | BR83: < 0.017 | BS83: < 0.009 | BT83: < 0.069 | BU83: 0.053 | BV83: < 0.018 | BW83: 0.051 | BX83: < 0.014 | BY83: < 0.099 | BZ83: < 0.016 | CA83: 58.040575 | CB83: 1.761 | CC83: 7.791 | CD83: 54.717 | CE83: 10.312037 | CF83: 78.266147 | CG83: 11.421816
A84: ST13_A21_2 | B84: ST13 | C84: AUTUMN_2021 | D84: BRACKISH | E84: 2 | F84: 46.262243 | G84: -1.106867 | H84: 44536 | I84: 0.52291667 | J84: 8.6 | K84: 7.37 | L84: 16.1 | M84: 26.8 | N84: -17.73545 | O84: 8.8 | P84: 3.0335593e+09 | Q84: 8.2 | R84: 0.6 | S84: 0.13333333 | T84: 9.0444444 | U84: 40.282728 | V84: 52.02901 | W84: =U84/(U84+V84)*100 -> 43.63771 | X84: 7237.15 | Y84: 16.7 | Z84: 0.11 | AA84: 9.1 | AB84: 28.91 | AC84: 15.95 | AD84: 26445.88 | AE84: 512.16 | AF84: 21.76 | AG84: 19.88 | AH84: < 0.41 | AI84: 43.91 | AJ84: 97.07 | AK84: 0.1 | AL84: 0 | AM84: 1.24 | AN84: 33.31 | AO84: 453.07 | AP84: 136.57 | AQ84: 33.377889 | AR84: < 0.008 | AS84: < 3.048 | AT84: < 0.062 | AU84: < 0.319 | AV84: < 0.015 | AW84: < 0.057 | AX84: < 2.424 | AY84: < 0.005 | AZ84: < 0.486 | BA84: < 0.040 | BB84: < 0.169 | BC84: < 0.005 | BD84: < 0.050 | BE84: < 0.049 | BF84: 0.082 | BG84: < 0.010 | BH84: < 0.028 | BI84: < 0.004 | BJ84: < 0.008 | BK84: < 0.009 | BL84: < 0.070 | BM84: < 0.007 | BN84: 0.08 | BO84: < 0.026 | BP84: 0.017 | BQ84: < 0.028 | BR84: < 0.017 | BS84: < 0.009 | BT84: < 0.069 | BU84: 0.053 | BV84: < 0.018 | BW84: 0.051 | BX84: < 0.014 | BY84: < 0.099 | BZ84: < 0.016 | CA84: 69.348893 | CB84: 1.795 | CC84: 7.11 | CD84: 27.464 | CE84: 10.000335 | CF84: 85.976727 | CG84: 4.022935
A85: ST13_A21_3 | B85: ST13 | C85: AUTUMN_2021 | D85: BRACKISH | E85: 3 | F85: 46.262243 | G85: -1.106867 | H85: 44536 | I85: 0.52986111 | J85: 8.6 | K85: 7.89 | L85: 10.4 | M85: 17.89 | N85: -46.74365 | O85: 10 | P85: 2.6042237e+09 | Q85: 9.0666667 | R85: 0.4 | S85: 0.26666667 | T85: 10.111111 | U85: 18.734096 | V85: 27.733579 | W85: =U85/(U85+V85)*100 -> 40.316405 | X85: 7240.47 | Y85: 18.97 | Z85: 0.15 | AA85: 10.2 | AB85: 29.77 | AC85: 16.13 | AD85: 28683.73 | AE85: 528.79 | AF85: 23.1 | AG85: 19.75 | AH85: < 0.4 | AI85: 46.56 | AJ85: 101.73 | AK85: 0.1 | AL85: 0 | AM85: 0.47 | AN85: 17.98 | AO85: 448.28 | AP85: 135.45 | AQ85: 43.043961 | AR85: < 0.008 | AS85: < 3.048 | AT85: < 0.062 | AU85: < 0.319 | AV85: < 0.015 | AW85: < 0.057 | AX85: < 2.424 | AY85: < 0.005 | AZ85: < 0.486 | BA85: < 0.040 | BB85: < 0.169 | BC85: < 0.005 | BD85: < 0.050 | BE85: < 0.049 | BF85: 0.082 | BG85: < 0.010 | BH85: < 0.028 | BI85: < 0.004 | BJ85: < 0.008 | BK85: < 0.009 | BL85: < 0.070 | BM85: < 0.007 | BN85: 0.08 | BO85: < 0.026 | BP85: 0.017 | BQ85: < 0.028 | BR85: < 0.017 | BS85: < 0.009 | BT85: < 0.069 | BU85: 0.053 | BV85: < 0.018 | BW85: 0.051 | BX85: < 0.014 | BY85: < 0.099 | BZ85: < 0.016 | CA85: 59.904303 | CB85: 1.768 | CC85: 8.689 | CD85: 97.85 | CE85: 10.241711 | CF85: 73.913161 | CG85: 15.84513
A86: ST52_A21_1 | B86: ST52 | C86: AUTUMN_2021 | D86: SALTED | E86: 1 | F86: 45.961839 | G86: -1.278105 | H86: 44537 | I86: 0.47916667 | J86: 8.7 | K86: 7.59 | L86: 33.1 | M86: 51.5 | N86: -30.00815 | O86: 10 | P86: 4.1283116e+09 | Q86: 67.333333 | R86: 0.93333333 | S86: 1.3333333 | T86: 72.266667 | U86: 9.7357637 | V86: 13.736764 | W86: =U86/(U86+V86)*100 -> 41.477271 | X86: 7195.43 | Y86: 15.1 | Z86: 0.09 | AA86: 6.99 | AB86: 22.06 | AC86: 10.98 | AD86: 20882.97 | AE86: 244.15 | AF86: 15.47 | AG86: 21.04 | AH86: < 0.41 | AI86: 29.69 | AJ86: 77.53 | AK86: 0.09 | AL86: 0 | AM86: 2.64 | AN86: 17.73 | AO86: 77.63 | AP86: 130.58 | AQ86: 27.713677 | AR86: < 0.008 | AS86: < 2.874 | AT86: < 0.058 | AU86: < 0.300 | AV86: < 0.014 | AW86: < 0.054 | AX86: < 2.285 | AY86: < 0.005 | AZ86: < 0.459 | BA86: < 0.038 | BB86: < 0.159 | BC86: < 0.004 | BD86: 0.063 | BE86: < 0.046 | BF86: 0.147 | BG86: < 0.009 | BH86: < 0.026 | BI86: < 0.004 | BJ86: < 0.008 | BK86: < 0.009 | BL86: < 0.066 | BM86: < 0.007 | BN86: 0.143 | BO86: < 0.024 | BP86: 0.042 | BQ86: 0.039 | BR86: < 0.016 | BS86: < 0.008 | BT86: < 0.065 | BU86: 0.092 | BV86: < 0.017 | BW86: 0.155 | BX86: < 0.013 | BY86: < 0.094 | BZ86: < 0.015 | CA86: 48.510019 | CB86: 2.164 | CC86: 12.18 | CD86: 130.864 | CE86: 7.312817 | CF86: 63.767315 | CG86: 28.919865
A87: ST52_A21_2 | B87: ST52 | C87: AUTUMN_2021 | D87: SALTED | E87: 2 | F87: 45.961839 | G87: -1.278105 | H87: 44537 | I87: 0.48472222 | J87: 8.7 | K87: 7.55 | L87: 32.7 | M87: 51.1 | N87: -27.77675 | O87: 3.4 | P87: 5.2362908e+09 | Q87: 75.2 | R87: 1.0666667 | S87: 1.4666667 | T87: 80.844444 | U87: 8.0470754 | V87: 17.208031 | W87: =U87/(U87+V87)*100 -> 31.863162 | X87: 6816.04 | Y87: 11.06 | Z87: 0.09 | AA87: 6.53 | AB87: 21.25 | AC87: 10.78 | AD87: 19265.5 | AE87: 255.69 | AF87: 14.39 | AG87: 19.72 | AH87: < 0.39 | AI87: 27.79 | AJ87: 73.71 | AK87: 0.08 | AL87: 0 | AM87: 1.68 | AN87: 6.65 | AO87: 60.48 | AP87: 49.6 | AQ87: 48.679748 | AR87: < 0.008 | AS87: < 2.874 | AT87: < 0.058 | AU87: < 0.300 | AV87: < 0.014 | AW87: < 0.054 | AX87: < 2.285 | AY87: < 0.005 | AZ87: < 0.459 | BA87: < 0.038 | BB87: < 0.159 | BC87: < 0.004 | BD87: 0.063 | BE87: < 0.046 | BF87: 0.147 | BG87: < 0.009 | BH87: < 0.026 | BI87: < 0.004 | BJ87: < 0.008 | BK87: < 0.009 | BL87: < 0.066 | BM87: < 0.007 | BN87: 0.143 | BO87: < 0.024 | BP87: 0.042 | BQ87: 0.039 | BR87: < 0.016 | BS87: < 0.008 | BT87: < 0.065 | BU87: 0.092 | BV87: < 0.017 | BW87: 0.155 | BX87: < 0.013 | BY87: < 0.094 | BZ87: < 0.015 | CA87: 50.191355 | CB87: 2.358 | CC87: 12.082 | CD87: 121.772 | CE87: 6.362219 | CF87: 65.529058 | CG87: 28.108724
A88: ST52_A21_3 | B88: ST52 | C88: AUTUMN_2021 | D88: SALTED | E88: 3 | F88: 45.961839 | G88: -1.278105 | H88: 44537 | I88: 0.48958333 | J88: 8.7 | K88: 7.57 | L88: 32.7 | M88: 50.9 | N88: -28.89245 | O88: 15 | P88: 4.2377012e+09 | Q88: 54.4 | R88: 2.4 | S88: 1.8666667 | T88: 61.2 | U88: 13.489203 | V88: 18.009679 | W88: =U88/(U88+V88)*100 -> 42.824386 | X88: 6918.02 | Y88: 12.21 | Z88: 0.1 | AA88: 6.88 | AB88: 22.52 | AC88: 11.42 | AD88: 19378.97 | AE88: 237.42 | AF88: 15.15 | AG88: 20.44 | AH88: < 0.39 | AI88: 29.74 | AJ88: 73.16 | AK88: 0.09 | AL88: 0.7 | AM88: 1.47 | AN88: 5.49 | AO88: 99.61 | AP88: 43.48 | AQ88: 48.251571 | AR88: < 0.008 | AS88: < 2.874 | AT88: < 0.058 | AU88: < 0.300 | AV88: < 0.014 | AW88: < 0.054 | AX88: < 2.285 | AY88: < 0.005 | AZ88: < 0.459 | BA88: < 0.038 | BB88: < 0.159 | BC88: < 0.004 | BD88: 0.063 | BE88: < 0.046 | BF88: 0.147 | BG88: < 0.009 | BH88: < 0.026 | BI88: < 0.004 | BJ88: < 0.008 | BK88: < 0.009 | BL88: < 0.066 | BM88: < 0.007 | BN88: 0.143 | BO88: < 0.024 | BP88: 0.042 | BQ88: 0.039 | BR88: < 0.016 | BS88: < 0.008 | BT88: < 0.065 | BU88: 0.092 | BV88: < 0.017 | BW88: 0.155 | BX88: < 0.013 | BY88: < 0.094 | BZ88: < 0.015 | CA88: 50.74035 | CB88: 2.11 | CC88: 8.852 | CD88: 80.138 | CE88: 7.585194 | CF88: 75.13928 | CG88: 17.275526
A89: ST61_A21_1 | B89: ST61 | C89: AUTUMN_2021 | D89: SALTED | E89: 1 | F89: 45.771769 | G89: -1.054261 | H89: 44538 | I89: 0.51944444 | J89: 8.1 | K89: 7.09 | L89: 21.9 | M89: 35.1 | N89: -2.11565 | O89: 42 | P89: 3.8423797e+09 | Q89: 432.8 | R89: 1.6 | S89: 0.8 | T89: 436.88889 | U89: 20.754024 | V89: 30.717438 | W89: =U89/(U89+V89)*100 -> 40.321419 | X89: 7287.84 | Y89: 16.29 | Z89: 0.19 | AA89: 9.08 | AB89: 34.01 | AC89: 23.71 | AD89: 24731.76 | AE89: 326.41 | AF89: 21.77 | AG89: 19.63 | AH89: < 0.39 | AI89: 38.8 | AJ89: 113.33 | AK89: 0.13 | AL89: 0 | AM89: 2.85 | AN89: 8.4 | AO89: 144.8 | AP89: 75.12 | AQ89: 41.702534 | AR89: < 0.018 | AS89: < 2.307 | AT89: < 0.057 | AU89: < 0.299 | AV89: < 0.018 | AW89: < 0.052 | AX89: < 2.406 | AY89: < 0.007 | AZ89: < 0.449 | BA89: < 0.028 | BB89: < 0.113 | BC89: < 0.004 | BD89: 0.036 | BE89: < 0.046 | BF89: 0.074 | BG89: < 0.009 | BH89: < 0.027 | BI89: 0.005 | BJ89: < 0.009 | BK89: < 0.009 | BL89: < 0.084 | BM89: < 0.009 | BN89: 0.106 | BO89: < 0.013 | BP89: 0.039 | BQ89: < 0.028 | BR89: < 0.014 | BS89: < 0.009 | BT89: < 0.016 | BU89: 0.11 | BV89: < 0.018 | BW89: 0.098 | BX89: < 0.015 | BY89: < 0.096 | BZ89: < 0.022 | CA89: 52.267423 | CB89: 2.139 | CC89: 8.567 | CD89: 70.883 | CE89: 7.421617 | CF89: 78.182019 | CG89: 14.396366
A90: ST61_A21_2 | B90: ST61 | C90: AUTUMN_2021 | D90: SALTED | E90: 2 | F90: 45.771769 | G90: -1.054261 | H90: 44538 | I90: 0.52013889 | J90: 8.1 | K90: 7.58 | L90: 27.9 | M90: 44.1 | N90: -29.4503 | O90: 8.1 | P90: 3.2093898e+09 | Q90: 93.333333 | R90: 2.1333333 | S90: 2.1333333 | T90: 99.2 | U90: 15.926993 | V90: 17.31276 | W90: =U90/(U90+V90)*100 -> 47.915497 | X90: 7217.35 | Y90: 19.15 | Z90: 0.15 | AA90: 9.08 | AB90: 36.98 | AC90: 50.89 | AD90: 32174.1 | AE90: 588.27 | AF90: 28.59 | AG90: 19.76 | AH90: < 0.4 | AI90: 36.53 | AJ90: 102.49 | AK90: 0.13 | AL90: 0.42 | AM90: 2.63 | AN90: 8 | AO90: 115.32 | AP90: 10.55 | AQ90: 40.096795 | AR90: < 0.018 | AS90: < 2.307 | AT90: < 0.057 | AU90: < 0.299 | AV90: < 0.018 | AW90: < 0.052 | AX90: < 2.406 | AY90: < 0.007 | AZ90: < 0.449 | BA90: < 0.028 | BB90: < 0.113 | BC90: < 0.004 | BD90: 0.036 | BE90: < 0.046 | BF90: 0.074 | BG90: < 0.009 | BH90: < 0.027 | BI90: 0.005 | BJ90: < 0.009 | BK90: < 0.009 | BL90: < 0.084 | BM90: < 0.009 | BN90: 0.106 | BO90: < 0.013 | BP90: 0.039 | BQ90: < 0.028 | BR90: < 0.014 | BS90: < 0.009 | BT90: < 0.016 | BU90: 0.11 | BV90: < 0.018 | BW90: 0.098 | BX90: < 0.015 | BY90: < 0.096 | BZ90: < 0.022 | CA90: 47.66965 | CB90: 1.844 | CC90: 7.862 | CD90: 305.097 | CE90: 9.557938 | CF90: 70.537252 | CG90: 19.904808
A91: ST61_A21_3 | B91: ST61 | C91: AUTUMN_2021 | D91: SALTED | E91: 3 | F91: 45.771769 | G91: -1.054261 | H91: 44538 | I91: 0.52083333 | J91: 8.1 | K91: 7.37 | L91: 24.4 | M91: 38.6 | N91: -17.73545 | O91: 9.9 | P91: 3.7766847e+09 | Q91: 591.2 | R91: 3.4666667 | S91: 1.8666667 | T91: 597.06667 | U91: 18.491628 | V91: 27.553108 | W91: =U91/(U91+V91)*100 -> 40.160134 | X91: 7561.64 | Y91: 17.43 | Z91: 0.17 | AA91: 9.57 | AB91: 32.49 | AC91: 17.18 | AD91: 26135.51 | AE91: 460.41 | AF91: 21.33 | AG91: 20.2 | AH91: < 0.4 | AI91: 41.1 | AJ91: 118.99 | AK91: 0.13 | AL91: 2.39 | AM91: 1.17 | AN91: 3.62 | AO91: 108.34 | AP91: 17.27 | AQ91: 50.622882 | AR91: < 0.018 | AS91: < 2.307 | AT91: < 0.057 | AU91: < 0.299 | AV91: < 0.018 | AW91: < 0.052 | AX91: < 2.406 | AY91: < 0.007 | AZ91: < 0.449 | BA91: < 0.028 | BB91: < 0.113 | BC91: < 0.004 | BD91: 0.036 | BE91: < 0.046 | BF91: 0.074 | BG91: < 0.009 | BH91: < 0.027 | BI91: 0.005 | BJ91: < 0.009 | BK91: < 0.009 | BL91: < 0.084 | BM91: < 0.009 | BN91: 0.106 | BO91: < 0.013 | BP91: 0.039 | BQ91: < 0.028 | BR91: < 0.014 | BS91: < 0.009 | BT91: < 0.016 | BU91: 0.11 | BV91: < 0.018 | BW91: 0.098 | BX91: < 0.015 | BY91: < 0.096 | BZ91: < 0.022 | CA91: 55.359781 | CB91: 2.011 | CC91: 7.789 | CD91: 49.851 | CE91: 8.223179 | CF91: 80.924443 | CG91: 10.852379
A92: ST63_A21_1 | B92: ST63 | C92: AUTUMN_2021 | D92: BRACKISH | E92: 1 | F92: 45.323742 | G92: -0.70269 | H92: 44533 | I92: 0.46944444 | J92: 6.9 | K92: 7.89 | L92: 5.6 | M92: 10.12 | N92: -46.74365 | O92: 18 | P92: 1.6090754e+09 | Q92: 14.733333 | R92: 0.53333333 | S92: 0.73333333 | T92: 18.222222 | U92: 6.3363156 | V92: 5.4161425 | W92: =U92/(U92+V92)*100 -> 53.914811 | X92: 7732.56 | Y92: 24.32 | Z92: 0.29 | AA92: 17.18 | AB92: 34.59 | AC92: 22.8 | AD92: 34132.43 | AE92: 452.36 | AF92: 32.25 | AG92: 20.75 | AH92: < 0.4 | AI92: 39.12 | AJ92: 152.07 | AK92: 0.17 | AL92: 0 | AM92: 0.72 | AN92: 3.56 | AO92: 158.32 | AP92: 69.97 | AQ92: 44.942613 | AR92: < 0.019 | AS92: < 2.448 | AT92: < 0.061 | AU92: < 0.317 | AV92: < 0.019 | AW92: < 0.055 | AX92: < 2.553 | AY92: < 0.007 | AZ92: < 0.476 | BA92: < 0.030 | BB92: < 0.120 | BC92: < 0.004 | BD92: 0.046 | BE92: < 0.049 | BF92: 0.086 | BG92: < 0.010 | BH92: < 0.028 | BI92: 0.004 | BJ92: < 0.009 | BK92: < 0.010 | BL92: < 0.089 | BM92: < 0.009 | BN92: 0.141 | BO92: < 0.014 | BP92: 0.028 | BQ92: < 0.029 | BR92: < 0.015 | BS92: < 0.010 | BT92: < 0.017 | BU92: 0.08 | BV92: < 0.019 | BW92: 0.112 | BX92: < 0.016 | BY92: < 0.102 | BZ92: 0.045 | CA92: 59.329771 | CB92: 1.653 | CC92: 6.122 | CD92: 34.891 | CE92: 11.558673 | CF92: 80.471885 | CG92: 7.969441
A93: ST63_A21_2 | B93: ST63 | C93: AUTUMN_2021 | D93: BRACKISH | E93: 2 | F93: 45.323742 | G93: -0.70269 | H93: 44533 | I93: 0.46319444 | J93: 6.8 | K93: 7.97 | L93: 3.3 | M93: 6.07 | N93: -51.20645 | O93: 14 | P93: 1.9143182e+09 | Q93: 14.4 | R93: 2.6666667 | S93: 1.2 | T93: 21.111111 | U93: 4.5436593 | V93: 5.1836216 | W93: =U93/(U93+V93)*100 -> 46.710477 | X93: 7697.47 | Y93: 28.66 | Z93: 0.42 | AA93: 27.69 | AB93: 29.95 | AC93: 22.23 | AD93: 32786.81 | AE93: 485.61 | AF93: 35.43 | AG93: 20.83 | AH93: < 0.39 | AI93: 37.26 | AJ93: 164.04 | AK93: 0.18 | AL93: 0.29 | AM93: 1.12 | AN93: 3.69 | AO93: 117.66 | AP93: 63.29 | AQ93: 37.755794 | AR93: < 0.019 | AS93: < 2.448 | AT93: < 0.061 | AU93: < 0.317 | AV93: < 0.019 | AW93: < 0.055 | AX93: < 2.553 | AY93: < 0.007 | AZ93: < 0.476 | BA93: < 0.030 | BB93: < 0.120 | BC93: < 0.004 | BD93: 0.046 | BE93: < 0.049 | BF93: 0.086 | BG93: < 0.010 | BH93: < 0.028 | BI93: 0.004 | BJ93: < 0.009 | BK93: < 0.010 | BL93: < 0.089 | BM93: < 0.009 | BN93: 0.141 | BO93: < 0.014 | BP93: 0.028 | BQ93: < 0.029 | BR93: < 0.015 | BS93: < 0.010 | BT93: < 0.017 | BU93: 0.08 | BV93: < 0.019 | BW93: 0.112 | BX93: < 0.016 | BY93: < 0.102 | BZ93: 0.045 | CA93: 49.904029 | CB93: 1.797 | CC93: 8.966 | CD93: 115.227 | CE93: 9.987153 | CF93: 73.005952 | CG93: 17.006896
A94: ST63_A21_3 | B94: ST63 | C94: AUTUMN_2021 | D94: BRACKISH | E94: 3 | F94: 45.323742 | G94: -0.70269 | H94: 44533 | I94: 0.45486111 | J94: 6.4 | K94: 7.88 | L94: 4 | M94: 7.47 | N94: -46.1858 | O94: 13 | P94: 1.2822166e+09 | Q94: 16.866667 | R94: 1.7333333 | S94: 0.26666667 | T94: 21.6 | U94: 4.1119118 | V94: 4.2543885 | W94: =U94/(U94+V94)*100 -> 49.148508 | X94: 7823.21 | Y94: 24 | Z94: 0.31 | AA94: 20.85 | AB94: 33.76 | AC94: 23.44 | AD94: 32050.53 | AE94: 509.19 | AF94: 32.92 | AG94: 27.34 | AH94: < 0.39 | AI94: 42.88 | AJ94: 139.9 | AK94: 0.18 | AL94: 0 | AM94: 0.69 | AN94: 2.29 | AO94: 120.19 | AP94: 48.22 | AQ94: 40.271369 | AR94: < 0.019 | AS94: < 2.448 | AT94: < 0.061 | AU94: < 0.317 | AV94: < 0.019 | AW94: < 0.055 | AX94: < 2.553 | AY94: < 0.007 | AZ94: < 0.476 | BA94: < 0.030 | BB94: < 0.120 | BC94: < 0.004 | BD94: 0.046 | BE94: < 0.049 | BF94: 0.086 | BG94: < 0.010 | BH94: < 0.028 | BI94: 0.004 | BJ94: < 0.009 | BK94: < 0.010 | BL94: < 0.089 | BM94: < 0.009 | BN94: 0.141 | BO94: < 0.014 | BP94: 0.028 | BQ94: < 0.029 | BR94: < 0.015 | BS94: < 0.010 | BT94: < 0.017 | BU94: 0.08 | BV94: < 0.019 | BW94: 0.112 | BX94: < 0.016 | BY94: < 0.102 | BZ94: 0.045 | CA94: 50.352797 | CB94: 1.555 | CC94: 6.785 | CD94: 35.968 | CE94: 12.595853 | CF94: 79.653474 | CG94: 7.750669
A95: STRAPH_A21_1 | B95: STRAPH | C95: AUTUMN_2021 | D95: FRESHWATER | E95: 1 | F95: 45.996237 | G95: -0.793843 | H95: 44529 | I95: 0.41666667 | J95: 4.1 | K95: 7.518 | L95: 0.2 | M95: 0.577 | N95: -17.2 | O95: 30 | P95: 9.3394561e+08 | Q95: 6.8666667 | R95: 0.13333333 | S95: 0.4 | T95: 12.422222 | U95: 22.606376 | V95: 35.657562 | W95: =U95/(U95+V95)*100 -> 38.799945 | X95: 7951.05 | Y95: 10.77 | Z95: 0.11 | AA95: 10.13 | AB95: 30.75 | AC95: 10.66 | AD95: 26544.13 | AE95: 394.79 | AF95: 22.67 | AG95: 21.29 | AH95: < 0.41 | AI95: 34.73 | AJ95: 99.14 | AK95: 0.08 | AL95: 0.06 | AM95: 0.26 | AN95: 0.58 | AO95: 224.31 | AP95: 90.44 | AQ95: 36.761559 | AR95: < 0.018 | AS95: < 2.376 | AT95: < 0.059 | AU95: < 0.308 | AV95: < 0.018 | AW95: < 0.054 | AX95: < 2.477 | AY95: < 0.007 | AZ95: < 0.462 | BA95: < 0.029 | BB95: < 0.117 | BC95: < 0.004 | BD95: < 0.030 | BE95: < 0.048 | BF95: < 0.049 | BG95: < 0.009 | BH95: < 0.027 | BI95: < 0.004 | BJ95: < 0.009 | BK95: < 0.009 | BL95: < 0.086 | BM95: < 0.009 | BN95: 0.024 | BO95: < 0.013 | BP95: < 0.014 | BQ95: < 0.029 | BR95: < 0.015 | BS95: < 0.009 | BT95: < 0.017 | BU95: < 0.010 | BV95: < 0.018 | BW95: < 0.027 | BX95: < 0.015 | BY95: < 0.099 | BZ95: < 0.023 | CA95: 64.124485 | CB95: 2.046 | CC95: 9.243 | CD95: 49.442 | CE95: 8.055336 | CF95: 80.982892 | CG95: 10.961773
A96: STRAPH_A21_2 | B96: STRAPH | C96: AUTUMN_2021 | D96: FRESHWATER | E96: 2 | F96: 45.996237 | G96: -0.793843 | H96: 44529 | I96: 0.42152778 | J96: 4.3 | K96: 7.35 | L96: 0.3 | M96: 0.672 | N96: -8.7 | O96: 8.2 | P96: 1.667012e+09 | Q96: 7.9 | R96: 0 | S96: 0.13333333 | T96: 11.433333 | U96: 33.582533 | V96: 31.527662 | W96: =U96/(U96+V96)*100 -> 51.577995 | X96: 7542.54 | Y96: 10.25 | Z96: 0.09 | AA96: 9.96 | AB96: 32.07 | AC96: 10.8 | AD96: 27802.06 | AE96: 430.48 | AF96: 23.07 | AG96: 19.65 | AH96: < 0.38 | AI96: 34.5 | AJ96: 90.94 | AK96: 0.08 | AL96: 0 | AM96: 0.18 | AN96: 0.55 | AO96: 270.75 | AP96: 116.03 | AQ96: 34.089569 | AR96: < 0.018 | AS96: < 2.376 | AT96: < 0.059 | AU96: < 0.308 | AV96: < 0.018 | AW96: < 0.054 | AX96: < 2.477 | AY96: < 0.007 | AZ96: < 0.462 | BA96: < 0.029 | BB96: < 0.117 | BC96: < 0.004 | BD96: < 0.030 | BE96: < 0.048 | BF96: < 0.049 | BG96: < 0.009 | BH96: < 0.027 | BI96: < 0.004 | BJ96: < 0.009 | BK96: < 0.009 | BL96: < 0.086 | BM96: < 0.009 | BN96: 0.024 | BO96: < 0.013 | BP96: < 0.014 | BQ96: < 0.029 | BR96: < 0.015 | BS96: < 0.009 | BT96: < 0.017 | BU96: < 0.010 | BV96: < 0.018 | BW96: < 0.027 | BX96: < 0.015 | BY96: < 0.099 | BZ96: < 0.023 | CA96: 67.996435 | CB96: 2.008 | CC96: 7.615 | CD96: 33.398 | CE96: 8.196883 | CF96: 85.541286 | CG96: 6.261829
A97: STRAPH_A21_3 | B97: STRAPH | C97: AUTUMN_2021 | D97: FRESHWATER | E97: 3 | F97: 45.996237 | G97: -0.793843 | H97: 44529 | I97: 0.42847222 | J97: 4.1 | K97: 7.411 | L97: 0.2 | M97: 0.582 | N97: -11.9 | O97: 9.1 | P97: 1.5042141e+09 | Q97: 11.733333 | R97: 0.066666667 | S97: 0.2 | T97: 21.733333 | U97: 23.814959 | V97: 49.636718 | W97: =U97/(U97+V97)*100 -> 32.422621 | X97: 7405.63 | Y97: 10.71 | Z97: 0.1 | AA97: 9.89 | AB97: 31.58 | AC97: 10.69 | AD97: 27144.04 | AE97: 426.54 | AF97: 23.12 | AG97: 19.74 | AH97: < 0.38 | AI97: 34.54 | AJ97: 88.75 | AK97: 0.07 | AL97: 0.15 | AM97: 0.19 | AN97: 0.56 | AO97: 232.67 | AP97: 93.49 | AQ97: 47.019095 | AR97: < 0.018 | AS97: < 2.376 | AT97: < 0.059 | AU97: < 0.308 | AV97: < 0.018 | AW97: < 0.054 | AX97: < 2.477 | AY97: < 0.007 | AZ97: < 0.462 | BA97: < 0.029 | BB97: < 0.117 | BC97: < 0.004 | BD97: < 0.030 | BE97: < 0.048 | BF97: < 0.049 | BG97: < 0.009 | BH97: < 0.027 | BI97: < 0.004 | BJ97: < 0.009 | BK97: < 0.009 | BL97: < 0.086 | BM97: < 0.009 | BN97: 0.024 | BO97: < 0.013 | BP97: < 0.014 | BQ97: < 0.029 | BR97: < 0.015 | BS97: < 0.009 | BT97: < 0.017 | BU97: < 0.010 | BV97: < 0.018 | BW97: < 0.027 | BX97: < 0.015 | BY97: < 0.099 | BZ97: < 0.023 | CA97: 67.711561 | CB97: 1.919 | CC97: 7.61 | CD97: 34.755 | CE97: 8.910215 | CF97: 84.245352 | CG97: 6.844433

Sheet MOYENNES
A1: Sample | B1: Site | C1: Season | D1: Typology | E1: Localisation_X | F1: Localisation_Y | G1: Date | H1: Heure | I1: Sediment_temperature | J1: pH | K1: Salinity | L1: Conductivity | M1: RedOx | N1: COD | O1: Bacteria | P1: Nematoda | Q1: Copepoda | R1: Ostracoda | S1: Total_meiofauna | T1: Chlorophyll_a | U1: Pheopigment | V1: Active_chlorophyll_a | W1: Al | X1: As | Y1: Cd | Z1: Co | AA1: Cr | AB1: Cu | AC1: Fe | AD1: Mn | AE1: Ni | AF1: Pb | AG1: Se | AH1: V | AI1: Zn | AJ1: Ag | AK1: NO3 | AL1: NO2 | AM1: PO4 | AN1: Si | AO1: NH4 | AP1: Total_Hydrocarbon | AQ1: 1,3,5-TriCB | AR1: 1,2,4-TriCB | AS1: 1,2,3-TriCB | AT1: HCBD | AU1: Dichlorvos | AV1: PeCBz | AW1: a-HCH | AX1: HCB | AY1: g-HCH | AZ1: b-HCH | BA1: d-HCH | BB1: Heptachlor | BC1: 2,4'-Dicofol | BD1: oxychlordane | BE1: 4,4'-Dicofol | BF1: Heptachlor epoxyde cis | BG1: Heptachlor epoxyde trans | BH1: o,p-DDE | BI1: g-chlordane | BJ1: Trans nanochlor | BK1: a-endosulfan | BL1: a-chlordane | BM1: p,p-DDE | BN1: Dieldrin | BO1: o,p-DDD | BP1: o,p-DDT | BQ1: Endrin | BR1: cis-nanochlor | BS1: b-endosulfan | BT1: p,p-DDD | BU1: quinoxyfen | BV1: p,p-DDT | BW1: endosulfan sulfate | BX1: mirex | BY1: cypermethrine | BZ1: Water_content | CA1: D10 | CB1: D50 | CC1: D90 | CD1: Clay | CE1: Silt | CF1: Sand
A2: ST6_A20 | B2: ST6 | C2: AUTUMN_2020 | D2: FRESHWATER | E2: 46.28213 | F2: -0.969368 | G2: 44167 | H2: 0.36111111 | I2: =AVERAGE(ALL_DATA!J2:J4) -> 6.2666667 | J2: =AVERAGE(ALL_DATA!K2:K4) -> 7.461 | K2: =AVERAGE(ALL_DATA!L2:L4) -> 0.53333333 | L2: =AVERAGE(ALL_DATA!M2:M4) -> 1.2333333 | M2: =AVERAGE(ALL_DATA!N2:N4) -> -22.466667 | N2: =AVERAGE(ALL_DATA!O2:O4) -> 7 | O2: =AVERAGE(ALL_DATA!P2:P4) -> 8.118704e+08 | P2: =AVERAGE(ALL_DATA!Q2:Q4) -> 1.8555556 | ... AP2: =AVERAGE(ALL_DATA!AQ2:AQ4) -> 28.621132 | AQ2: NA | AR2: NA | AS2: NA | AT2: NA | AU2: NA | AV2: NA | AW2: NA | AX2: NA | AY2: NA | AZ2: NA | BA2: NA | BB2: NA | BC2: NA | BD2: NA | BE2: NA | BF2: NA | BG2: NA | BH2: NA | BI2: NA | BJ2: NA | BK2: NA | BL2: NA | BM2: NA | BN2: NA | BO2: NA | BP2: NA | BQ2: NA | BR2: NA | BS2: NA | BT2: NA | BU2: NA | BV2: NA | BW2: NA | BX2: NA | BY2: =AVERAGE(ALL_DATA!BZ2:BZ4) -> 0.026 | BZ2: =AVERAGE(ALL_DATA!CA2:CA4) -> 57.234224 | CA2: =AVERAGE(ALL_DATA!CB2:CB4) -> 2.4676667 | CB2: =AVERAGE(ALL_DATA!CC2:CC4) -> 43.617333 | CC2: =AVERAGE(ALL_DATA!CD2:CD4) -> 408.325 | CD2: =AVERAGE(ALL_DATA!CE2:CE4) -> 7.3129483 | CE2: =AVERAGE(ALL_DATA!CF2:CF4) -> 63.345388 | CF2: =AVERAGE(ALL_DATA!CG2:CG4) -> 29.341665
A3: ST75_A20 | B3: ST75 | C3: AUTUMN_2020 | D3: BRACKISH | E3: 45.883995 | F3: -1.055508 | G3: 44168 | H3: 0.41666667 | I3: =AVERAGE(ALL_DATA!J5:J7) -> 7.4333333 | J3: =AVERAGE(ALL_DATA!K5:K7) -> 7.2766667 | K3: =AVERAGE(ALL_DATA!L5:L7) -> 2.4333333 | L3: =AVERAGE(ALL_DATA!M5:M7) -> 4.6133333 | M3: =AVERAGE(ALL_DATA!N5:N7) -> -12.433333 | N3: =AVERAGE(ALL_DATA!O5:O7) -> 16 | O3: =AVERAGE(ALL_DATA!P5:P7) -> 9.0281677e+08 | P3: =AVERAGE(ALL_DATA!Q5:Q7) -> 4.0222222 | ... AP3: =AVERAGE(ALL_DATA!AQ5:AQ7) -> 33.340232 | AQ3: NA | AR3: NA | AS3: NA | AT3: NA | AU3: NA | AV3: NA | AW3: NA | AX3: NA | AY3: NA | AZ3: NA | BA3: NA | BB3: NA | BC3: NA | BD3: NA | BE3: NA | BF3: NA | BG3: NA | BH3: NA | BI3: NA | BJ3: NA | BK3: NA | BL3: NA | BM3: =AVERAGE(ALL_DATA!BN5:BN7) -> 0.033 | BN3: NA | BO3: NA | BP3: NA | BQ3: NA | BR3: NA | BS3: NA | BT3: NA | BU3: NA | BV3: NA | BW3: NA | BX3: NA | BY3: NA | BZ3: =AVERAGE(ALL_DATA!CA5:CA7) -> 67.283821 | CA3: =AVERAGE(ALL_DATA!CB5:CB7) -> 1.9613333 | CB3: =AVERAGE(ALL_DATA!CC5:CC7) -> 8.5123333 | CC3: =AVERAGE(ALL_DATA!CD5:CD7) -> 58.615333 | CD3: =AVERAGE(ALL_DATA!CE5:CE7) -> 8.6726467 | CE3: =AVERAGE(ALL_DATA!CF5:CF7) -> 79.804508 | CF3: =AVERAGE(ALL_DATA!CG5:CG7) -> 11.522845
A4: ST16_A20 | B4: ST16 | C4: AUTUMN_2020 | D4: SALTED | E4: 46.23537 | F4: -1.514997 | G4: 44162 | H4: 0.38888889 | I4: =AVERAGE(ALL_DATA!J8:J10) -> 10.266667 | J4: =AVERAGE(ALL_DATA!K8:K10) -> 7.584 | K4: =AVERAGE(ALL_DATA!L8:L10) -> 31.1 | L4: =AVERAGE(ALL_DATA!M8:M10) -> 48.4 | M4: =AVERAGE(ALL_DATA!N8:N10) -> -29.666667 | N4: =AVERAGE(ALL_DATA!O8:O10) -> 9.8666667 | O4: =AVERAGE(ALL_DATA!P8:P10) -> 1.7664515e+09 | P4: =AVERAGE(ALL_DATA!Q8:Q10) -> 36.177778 | ... AQ4: =AVERAGE(ALL_DATA!AR8:AR10) -> 0.009 | AR4: NA | AS4: NA | AT4: NA | AU4: NA | AV4: NA | AW4: NA | AX4: NA | AY4: NA | AZ4: NA | BA4: NA | BB4: NA | BC4: NA | BD4: NA | BE4: =AVERAGE(ALL_DATA!BF8:BF10) -> 0.068 | BF4: NA | BG4: NA | BH4: NA | BI4: NA | BJ4: NA | BK4: NA | BL4: NA | BM4: NA | BN4: NA | BO4: =AVERAGE(ALL_DATA!BP8:BP10) -> 0.01 | BP4: NA | BQ4: NA | BR4: NA | BS4: NA | BT4: =AVERAGE(ALL_DATA!BU8:BU10) -> 0.03 | BU4: NA | BV4: NA | BW4: NA | BX4: NA | BY4: NA | BZ4: =AVERAGE(ALL_DATA!CA8:CA10) -> 41.038704 | CA4: =AVERAGE(ALL_DATA!CB8:CB10) -> 2.3326667 | CB4: =AVERAGE(ALL_DATA!CC8:CC10) -> 11.612 | CC4: =AVERAGE(ALL_DATA!CD8:CD10) -> 133.79 | CD4: =AVERAGE(ALL_DATA!CE8:CE10) -> 6.569226 | CE4: =AVERAGE(ALL_DATA!CF8:CF10) -> 64.995916 | CF4: =AVERAGE(ALL_DATA!CG8:CG10) -> 28.434857
A5: ST13_A20 | B5: ST13 | C5: AUTUMN_2020 | D5: BRACKISH | E5: 46.262243 | F5: -1.106867 | G5: 44162 | H5: 0.46180556 | I5: =AVERAGE(ALL_DATA!J11:J13) -> 9.3333333 | J5: =AVERAGE(ALL_DATA!K11:K13) -> 7.498 | K5: =AVERAGE(ALL_DATA!L11:L13) -> 4.2 | L5: =AVERAGE(ALL_DATA!M11:M13) -> 7.67 | M5: =AVERAGE(ALL_DATA!N11:N13) -> -24.866667 | N5: =AVERAGE(ALL_DATA!O11:O13) -> 7.9333333 | O5: =AVERAGE(ALL_DATA!P11:P13) -> 5.5913862e+08 | P5: =AVERAGE(ALL_DATA!Q11:Q13) -> 2.1611111 | ... AP5: =AVERAGE(ALL_DATA!AQ11:AQ13) -> 27.699603 | AQ5: NA | AR5: NA | AS5: NA | AT5: NA | AU5: NA | AV5: NA | AW5: NA | AX5: NA | AY5: NA | AZ5: NA | BA5: NA | BB5: NA | BC5: NA | BD5: NA | BE5: =AVERAGE(ALL_DATA!BF11:BF13) -> 0.082 | BF5: NA | BG5: NA | BH5: NA | BI5: NA | BJ5: NA | BK5: NA | BL5: NA | BM5: =AVERAGE(ALL_DATA!BN11:BN13) -> 0.08 | BN5: NA | BO5: =AVERAGE(ALL_DATA!BP11:BP13) -> 0.017 | BP5: NA | BQ5: NA | BR5: NA | BS5: NA | BT5: =AVERAGE(ALL_DATA!BU11:BU13) -> 0.053 | BU5: NA | BV5: =AVERAGE(ALL_DATA!BW11:BW13) -> 0.051 | BW5: NA | BX5: NA | BY5: NA | BZ5: =AVERAGE(ALL_DATA!CA11:CA13) -> 66.129298 | CA5: =AVERAGE(ALL_DATA!CB11:CB13) -> 1.7746667 | CB5: =AVERAGE(ALL_DATA!CC11:CC13) -> 7.8633333 | CC5: =AVERAGE(ALL_DATA!CD11:CD13) -> 60.010333 | CD5: =AVERAGE(ALL_DATA!CE11:CE13) -> 10.184694 | CE5: =AVERAGE(ALL_DATA!CF11:CF13) -> 79.385345 | CF5: =AVERAGE(ALL_DATA!CG11:CG13) -> 10.42996
A6: ST52_A20 | B6: ST52 | C6: AUTUMN_2020 | D6: SALTED | E6: 45.961839 | F6: -1.278105 | G6: 44165 | H6: 0.40625 | I6: =AVERAGE(ALL_DATA!J14:J16) -> 5.8 | J6: =AVERAGE(ALL_DATA!K14:K16) -> 7.6643333 | K6: =AVERAGE(ALL_DATA!L14:L16) -> 32.566667 | L6: =AVERAGE(ALL_DATA!M14:M16) -> 50.3 | M6: =AVERAGE(ALL_DATA!N14:N16) -> -34.166667 | N6: =AVERAGE(ALL_DATA!O14:O16) -> 10.766667 | O6: =AVERAGE(ALL_DATA!P14:P16) -> 1.6245441e+09 | P6: =AVERAGE(ALL_DATA!Q14:Q16) -> 43.688889 | ... AP6: =AVERAGE(ALL_DATA!AQ14:AQ16) -> 43.084808 | AQ6: NA | AR6: NA | AS6: NA | AT6: NA | AU6: NA | AV6: NA | AW6: NA | AX6: NA | AY6: NA | AZ6: NA | BA6: NA | BB6: NA | BC6: =AVERAGE(ALL_DATA!BD14:BD16) -> 0.063 | BD6: NA | BE6: =AVERAGE(ALL_DATA!BF14:BF16) -> 0.147 | BF6: NA | BG6: NA | BH6: NA | BI6: NA | BJ6: NA | BK6: NA | BL6: NA | BM6: =AVERAGE(ALL_DATA!BN14:BN16) -> 0.143 | BN6: NA | BO6: =AVERAGE(ALL_DATA!BP14:BP16) -> 0.042 | BP6: =AVERAGE(ALL_DATA!BQ14:BQ16) -> 0.039 | BQ6: NA | BR6: NA | BS6: NA | BT6: =AVERAGE(ALL_DATA!BU14:BU16) -> 0.092 | BU6: NA | BV6: =AVERAGE(ALL_DATA!BW14:BW16) -> 0.155 | BW6: NA | BX6: NA | BY6: NA | BZ6: =AVERAGE(ALL_DATA!CA14:CA16) -> 44.18741 | CA6: =AVERAGE(ALL_DATA!CB14:CB16) -> 2.2106667 | CB6: =AVERAGE(ALL_DATA!CC14:CC16) -> 11.038 | CC6: =AVERAGE(ALL_DATA!CD14:CD16) -> 110.92467 | CD6: =AVERAGE(ALL_DATA!CE14:CE16) -> 7.0867433 | CE6: =AVERAGE(ALL_DATA!CF14:CF16) -> 68.145218 | CF6: =AVERAGE(ALL_DATA!CG14:CG16) -> 24.768038
A7: ST61_A20 | B7: ST61 | C7: AUTUMN_2020 | D7: SALTED | E7: 45.771769 | F7: -1.054261 | G7: 44165 | H7: 0.47916667 | I7: =AVERAGE(ALL_DATA!J17:J19) -> 5.8666667 | J7: =AVERAGE(ALL_DATA!K17:K19) -> 8.0033333 | K7: =AVERAGE(ALL_DATA!L17:L19) -> 31.666667 | L7: =AVERAGE(ALL_DATA!M17:M19) -> 49.6449 | M7: =AVERAGE(ALL_DATA!N17:N19) -> -53.066667 | N7: =AVERAGE(ALL_DATA!O17:O19) -> 17.8 | O7: =AVERAGE(ALL_DATA!P17:P19) -> 7.521687e+08 | P7: =AVERAGE(ALL_DATA!Q17:Q19) -> 7.8444444 | ... AP7: =AVERAGE(ALL_DATA!AQ17:AQ19) -> 41.235716 | AQ7: NA | AR7: NA | AS7: NA | AT7: NA | AU7: NA | AV7: NA | AW7: NA | AX7: NA | AY7: NA | AZ7: NA | BA7: NA | BB7: NA | BC7: =AVERAGE(ALL_DATA!BD17:BD19) -> 0.036 | BD7: NA | BE7: =AVERAGE(ALL_DATA!BF17:BF19) -> 0.074 | BF7: NA | BG7: NA | BH7: =AVERAGE(ALL_DATA!BI17:BI19) -> 0.005 | BI7: NA | BJ7: NA | BK7: NA | BL7: NA | BM7: =AVERAGE(ALL_DATA!BN17:BN19) -> 0.106 | BN7: NA | BO7: =AVERAGE(ALL_DATA!BP17:BP19) -> 0.039 | BP7: NA | BQ7: NA | BR7: NA | BS7: NA | BT7: =AVERAGE(ALL_DATA!BU17:BU19) -> 0.11 | BU7: NA | BV7: =AVERAGE(ALL_DATA!BW17:BW19) -> 0.098 | BW7: NA | BX7: NA | BY7: NA | BZ7: =AVERAGE(ALL_DATA!CA17:CA19) -> 48.838547 | CA7: =AVERAGE(ALL_DATA!CB17:CB19) -> 1.998 | CB7: =AVERAGE(ALL_DATA!CC17:CC19) -> 8.0726667 | CC7: =AVERAGE(ALL_DATA!CD17:CD19) -> 141.94367 | CD7: =AVERAGE(ALL_DATA!CE17:CE19) -> 8.4009113 | CE7: =AVERAGE(ALL_DATA!CF17:CF19) -> 76.547905 | CF7: =AVERAGE(ALL_DATA!CG17:CG19) -> 15.051184
A8: ST63_A20 | B8: ST63 | C8: AUTUMN_2020 | D8: BRACKISH | E8: 45.323742 | F8: -0.70269 | G8: 44172 | H8: 0.44791667 | I8: =AVERAGE(ALL_DATA!J20:J22) -> 6.7666667 | J8: =AVERAGE(ALL_DATA!K20:K22) -> 7.6865 | K8: =AVERAGE(ALL_DATA!L20:L22) -> 5.65 | L8: =AVERAGE(ALL_DATA!M20:M22) -> 10.125 | M8: =AVERAGE(ALL_DATA!N20:N22) -> -35.7 | N8: =AVERAGE(ALL_DATA!O20:O22) -> 13.5 | O8: =AVERAGE(ALL_DATA!P20:P22) -> 5.3846666e+08 | P8: =AVERAGE(ALL_DATA!Q20:Q22) -> 10.222222 | ... AP8: =AVERAGE(ALL_DATA!AQ20:AQ22) -> 33.258475 | AQ8: NA | AR8: NA | AS8: NA | AT8: NA | AU8: NA | AV8: NA | AW8: NA | AX8: NA | AY8: NA | AZ8: NA | BA8: NA | BB8: NA | BC8: =AVERAGE(ALL_DATA!BD20:BD22) -> 0.046 | BD8: NA | BE8: =AVERAGE(ALL_DATA!BF20:BF22) -> 0.086 | BF8: NA | BG8: NA | BH8: =AVERAGE(ALL_DATA!BI20:BI22) -> 0.004 | BI8: NA | BJ8: NA | BK8: NA | BL8: NA | BM8: =AVERAGE(ALL_DATA!BN20:BN22) -> 0.141 | BN8: NA | BO8: =AVERAGE(ALL_DATA!BP20:BP22) -> 0.028 | BP8: NA | BQ8: NA | BR8: NA | BS8: NA | BT8: =AVERAGE(ALL_DATA!BU20:BU22) -> 0.08 | BU8: NA | BV8: =AVERAGE(ALL_DATA!BW20:BW22) -> 0.112 | BW8: NA | BX8: NA | BY8: =AVERAGE(ALL_DATA!BZ20:BZ22) -> 0.045 | BZ8: =AVERAGE(ALL_DATA!CA20:CA22) -> 52.552642 | CA8: =AVERAGE(ALL_DATA!CB20:CB22) -> 1.6683333 | CB8: =AVERAGE(ALL_DATA!CC20:CC22) -> 7.291 | CC8: =AVERAGE(ALL_DATA!CD20:CD22) -> 62.028667 | CD8: =AVERAGE(ALL_DATA!CE20:CE22) -> 11.38056 | CE8: =AVERAGE(ALL_DATA!CF20:CF22) -> 77.710437 | CF8: =AVERAGE(ALL_DATA!CG20:CG22) -> 10.909002
A9: STRAPH_A20 | B9: STRAPH | C9: AUTUMN_2020 | D9: FRESHWATER | E9: 45.996237 | F9: -0.793843 | G9: 44166 | H9: 0.39583333 | I9: =AVERAGE(ALL_DATA!J23:J25) -> 6.4333333 | J9: =AVERAGE(ALL_DATA!K23:K25) -> 7.1853333 | K9: =AVERAGE(ALL_DATA!L23:L25) -> 0.4 | L9: =AVERAGE(ALL_DATA!M23:M25) -> 1.0063333 | M9: =AVERAGE(ALL_DATA!N23:N25) -> -7.7 | N9: =AVERAGE(ALL_DATA!O23:O25) -> 11.333333 | O9: =AVERAGE(ALL_DATA!P23:P25) -> 6.0079532e+08 | P9: =AVERAGE(ALL_DATA!Q23:Q25) -> 1.9944444 | ... AP9: =AVERAGE(ALL_DATA!AQ23:AQ25) -> 50.651473 | AQ9: NA | AR9: NA | AS9: NA | AT9: NA | AU9: NA | AV9: NA | AW9: NA | AX9: NA | AY9: NA | AZ9: NA | BA9: NA | BB9: NA | BC9: NA | BD9: NA | BE9: NA | BF9: NA | BG9: NA | BH9: NA | BI9: NA | BJ9: NA | BK9: NA | BL9: NA | BM9: =AVERAGE(ALL_DATA!BN23:BN25) -> 0.024 | BN9: NA | BO9: NA | BP9: NA | BQ9: NA | BR9: NA | BS9: NA | BT9: NA | BU9: NA | BV9: NA | BW9: NA | BX9: NA | BY9: NA | BZ9: =AVERAGE(ALL_DATA!CA23:CA25) -> 63.290756 | CA9: =AVERAGE(ALL_DATA!CB23:CB25) -> 1.991 | CB9: =AVERAGE(ALL_DATA!CC23:CC25) -> 8.156 | CC9: =AVERAGE(ALL_DATA!CD23:CD25) -> 39.198333 | CD9: =AVERAGE(ALL_DATA!CE23:CE25) -> 8.387478 | CE9: =AVERAGE(ALL_DATA!CF23:CF25) -> 83.589843 | CF9: =AVERAGE(ALL_DATA!CG23:CG25) -> 8.0226783
A10: ST6_P21 | B10: ST6 | C10: SPRING_2021 | D10: FRESHWATER | E10: 46.28213 | F10: -0.969368 | G10: 44293 | H10: 0.40277778 | I10: =AVERAGE(ALL_DATA!J26:J28) -> 10.3 | J10: =AVERAGE(ALL_DATA!K26:K28) -> 7.398 | K10: =AVERAGE(ALL_DATA!L26:L28) -> 0.7 | L10: =AVERAGE(ALL_DATA!M26:M28) -> 1.5227 | M10: =AVERAGE(ALL_DATA!N26:N28) -> -39.133333 | N10: =AVERAGE(ALL_DATA!O26:O28) -> 8.1666667 | O10: =AVERAGE(ALL_DATA!P26:P28) -> 7.3053841e+08 | P10: =AVERAGE(ALL_DATA!Q26:Q28) -> 2.2888889 | ... AF10: =AVERAGE(ALL_DATA!AG26:AG28) -> 13.88 | AG10: NA | AH10: =AVERAGE(ALL_DATA!AI26:AI28) -> 29.823333 | AI10: =AVERAGE(ALL_DATA!AJ26:AJ28) -> 74.493333 | AJ10: =AVERAGE(ALL_DATA!AK26:AK28) -> 0.063333333 | AK10: =AVERAGE(ALL_DATA!AL26:AL28) -> 0.099333333 | AL10: =AVERAGE(ALL_DATA!AM26:AM28) -> 0.26466667 | AM10: =AVERAGE(ALL_DATA!AN26:AN28) -> 1.67 | AN10: =AVERAGE(ALL_DATA!AO26:AO28) -> 388.86133 | AO10: =AVERAGE(ALL_DATA!AP26:AP28) -> 175.25467 | AP10: =AVERAGE(ALL_DATA!AQ26:AQ28) -> 38.891961 | AQ10: NA | AR10: NA | AS10: NA | AT10: NA | AU10: NA | AV10: NA | AW10: NA | AX10: NA | AY10: NA | AZ10: NA | BA10: NA | BB10: NA | BC10: NA | BD10: NA | BE10: NA | BF10: NA | BG10: NA | BH10: NA | BI10: NA | BJ10: NA | BK10: NA | BL10: NA | BM10: NA | BN10: NA | BO10: NA | BP10: NA | BQ10: NA | BR10: NA | BS10: NA | BT10: NA | BU10: NA | BV10: NA | BW10: NA | BX10: NA | BY10: =AVERAGE(ALL_DATA!BZ26:BZ28) -> 0.026 | BZ10: =AVERAGE(ALL_DATA!CA26:CA28) -> 60.380183 | CA10: =AVERAGE(ALL_DATA!CB26:CB28) -> 2.4676667 | CB10: =AVERAGE(ALL_DATA!CC26:CC28) -> 43.617333 | CC10: =AVERAGE(ALL_DATA!CD26:CD28) -> 408.325 | CD10: =AVERAGE(ALL_DATA!CE26:CE28) -> 7.3129483 | CE10: =AVERAGE(ALL_DATA!CF26:CF28) -> 63.345388 | CF10: =AVERAGE(ALL_DATA!CG26:CG28) -> 29.341665
A11: ST75_P21 | B11: ST75 | C11: SPRING_2021 | D11: BRACKISH | E11: 45.883995 | F11: -1.055508 | G11: 44294 | H11: 0.44791667 | I11: =AVERAGE(ALL_DATA!J29:J31) -> 10.833333 | J11: =AVERAGE(ALL_DATA!K29:K31) -> 7.2836667 | K11: =AVERAGE(ALL_DATA!L29:L31) -> 2.0333333 | L11: =AVERAGE(ALL_DATA!M29:M31) -> 3.5947 | M11: =AVERAGE(ALL_DATA!N29:N31) -> -33.1 | N11: =AVERAGE(ALL_DATA!O29:O31) -> 17.333333 | O11: =AVERAGE(ALL_DATA!P29:P31) -> 1.8503315e+09 | P11: =AVERAGE(ALL_DATA!Q29:Q31) -> 2.8444444 | ... AF11: =AVERAGE(ALL_DATA!AG29:AG31) -> 14.11 | AG11: NA | AH11: =AVERAGE(ALL_DATA!AI29:AI31) -> 44.586667 | AI11: =AVERAGE(ALL_DATA!AJ29:AJ31) -> 95.763333 | AJ11: =AVERAGE(ALL_DATA!AK29:AK31) -> 0.08 | AK11: =AVERAGE(ALL_DATA!AL29:AL31) -> 0 | AL11: =AVERAGE(ALL_DATA!AM29:AM31) -> 0.375 | AM11: =AVERAGE(ALL_DATA!AN29:AN31) -> 8.0776667 | AN11: =AVERAGE(ALL_DATA!AO29:AO31) -> 341.49633 | AO11: =AVERAGE(ALL_DATA!AP29:AP31) -> 150.14167 | AP11: =AVERAGE(ALL_DATA!AQ29:AQ31) -> 51.680433 | AQ11: NA | AR11: NA | AS11: NA | AT11: NA | AU11: NA | AV11: NA | AW11: NA | AX11: NA | AY11: NA | AZ11: NA | BA11: NA | BB11: NA | BC11: NA | BD11: NA | BE11: NA | BF11: NA | BG11: NA | BH11: NA | BI11: NA | BJ11: NA | BK11: NA | BL11: NA | BM11: =AVERAGE(ALL_DATA!BN29:BN31) -> 0.033 | BN11: NA | BO11: NA | BP11: NA | BQ11: NA | BR11: NA | BS11: NA | BT11: NA | BU11: NA | BV11: NA | BW11: NA | BX11: NA | BY11: NA | BZ11: =AVERAGE(ALL_DATA!CA29:CA31) -> 66.95035 | CA11: =AVERAGE(ALL_DATA!CB29:CB31) -> 1.9613333 | CB11: =AVERAGE(ALL_DATA!CC29:CC31) -> 8.5123333 | CC11: =AVERAGE(ALL_DATA!CD29:CD31) -> 58.615333 | CD11: =AVERAGE(ALL_DATA!CE29:CE31) -> 8.6726467 | CE11: =AVERAGE(ALL_DATA!CF29:CF31) -> 79.804508 | CF11: =AVERAGE(ALL_DATA!CG29:CG31) -> 11.522845
A12: ST16_P21 | B12: ST16 | C12: SPRING_2021 | D12: SALTED | E12: 46.23537 | F12: -1.514997 | G12: 44298 | H12: 0.42291667 | I12: =AVERAGE(ALL_DATA!J32:J34) -> 10.433333 | J12: =AVERAGE(ALL_DATA!K32:K34) -> 7.6113333 | K12: =AVERAGE(ALL_DATA!L32:L34) -> 33.933333 | L12: =AVERAGE(ALL_DATA!M32:M34) -> 53.1673 | M12: =AVERAGE(ALL_DATA!N32:N34) -> -50 | N12: =AVERAGE(ALL_DATA!O32:O34) -> 7.5 | O12: =AVERAGE(ALL_DATA!P32:P34) -> 7.9775182e+09 | P12: =AVERAGE(ALL_DATA!Q32:Q34) -> 134.08889 | ... AF12: =AVERAGE(ALL_DATA!AG32:AG34) -> 9.5233333 | AG12: NA | AH12: =AVERAGE(ALL_DATA!AI32:AI34) -> 24.246667 | AI12: =AVERAGE(ALL_DATA!AJ32:AJ34) -> 49.373333 | AJ12: =AVERAGE(ALL_DATA!AK32:AK34) -> 0.046666667 | AK12: =AVERAGE(ALL_DATA!AL32:AL34) -> 0.386 | AL12: =AVERAGE(ALL_DATA!AM32:AM34) -> 1.138 | AM12: =AVERAGE(ALL_DATA!AN32:AN34) -> 14.923333 | AN12: =AVERAGE(ALL_DATA!AO32:AO34) -> 135.97533 | AO12: =AVERAGE(ALL_DATA!AP32:AP34) -> 109.15067 | ... AQ12: =AVERAGE(ALL_DATA!AR32:AR34) -> 0.009 | AR12: NA | AS12: NA | AT12: NA | AU12: NA | AV12: NA | AW12: NA | AX12: NA | AY12: NA | AZ12: NA | BA12: NA | BB12: NA | BC12: NA | BD12: NA | BE12: =AVERAGE(ALL_DATA!BF32:BF34) -> 0.068 | BF12: NA | BG12: NA | BH12: NA | BI12: NA | BJ12: NA | BK12: NA | BL12: NA | BM12: NA | BN12: NA | BO12: =AVERAGE(ALL_DATA!BP32:BP34) -> 0.01 | BP12: NA | BQ12: NA | BR12: NA | BS12: NA | BT12: =AVERAGE(ALL_DATA!BU32:BU34) -> 0.03 | BU12: NA | BV12: NA | BW12: NA | BX12: NA | BY12: NA | BZ12: =AVERAGE(ALL_DATA!CA32:CA34) -> 45.918624 | CA12: =AVERAGE(ALL_DATA!CB32:CB34) -> 2.3326667 | CB12: =AVERAGE(ALL_DATA!CC32:CC34) -> 11.612 | CC12: =AVERAGE(ALL_DATA!CD32:CD34) -> 133.79 | CD12: =AVERAGE(ALL_DATA!CE32:CE34) -> 6.569226 | CE12: =AVERAGE(ALL_DATA!CF32:CF34) -> 64.995916 | CF12: =AVERAGE(ALL_DATA!CG32:CG34) -> 28.434857
A13: ST13_P21 | B13: ST13 | C13: SPRING_2021 | D13: BRACKISH | E13: 46.262243 | F13: -1.106867 | G13: 44298 | H13: 0.52083333 | I13: =AVERAGE(ALL_DATA!J35:J37) -> 12.7 | J13: =AVERAGE(ALL_DATA!K35:K37) -> 7.4393333 | K13: =AVERAGE(ALL_DATA!L35:L37) -> 8.3666667 | L13: =AVERAGE(ALL_DATA!M35:M37) -> 13.4367 | M13: =AVERAGE(ALL_DATA!N35:N37) -> -40.433333 | N13: =AVERAGE(ALL_DATA!O35:O37) -> 6.0666667 | O13: =AVERAGE(ALL_DATA!P35:P37) -> 4.8030712e+09 | P13: =AVERAGE(ALL_DATA!Q35:Q37) -> 8.0444444 | ... AF13: =AVERAGE(ALL_DATA!AG35:AG37) -> 14.416667 | AG13: NA | AH13: =AVERAGE(ALL_DATA!AI35:AI37) -> 42.83 | AI13: =AVERAGE(ALL_DATA!AJ35:AJ37) -> 95.553333 | AJ13: =AVERAGE(ALL_DATA!AK35:AK37) -> 0.066666667 | AK13: =AVERAGE(ALL_DATA!AL35:AL37) -> 0.056666667 | AL13: =AVERAGE(ALL_DATA!AM35:AM37) -> 0.48733333 | AM13: =AVERAGE(ALL_DATA!AN35:AN37) -> 3.1466667 | AN13: =AVERAGE(ALL_DATA!AO35:AO37) -> 227.94267 | AO13: =AVERAGE(ALL_DATA!AP35:AP37) -> 182.752 | AP13: =AVERAGE(ALL_DATA!AQ35:AQ37) -> 44.124885 | AQ13: NA | AR13: NA | AS13: NA | AT13: NA | AU13: NA | AV13: NA | AW13: NA | AX13: NA | AY13: NA | AZ13: NA | BA13: NA | BB13: NA | BC13: NA | BD13: NA | BE13: =AVERAGE(ALL_DATA!BF35:BF37) -> 0.082 | BF13: NA | BG13: NA | BH13: NA | BI13: NA | BJ13: NA | BK13: NA | BL13: NA | BM13: =AVERAGE(ALL_DATA!BN35:BN37) -> 0.08 | BN13: NA | BO13: =AVERAGE(ALL_DATA!BP35:BP37) -> 0.017 | BP13: NA | BQ13: NA | BR13: NA | BS13: NA | BT13: =AVERAGE(ALL_DATA!BU35:BU37) -> 0.053 | BU13: NA | BV13: =AVERAGE(ALL_DATA!BW35:BW37) -> 0.051 | BW13: NA | BX13: NA | BY13: NA | BZ13: =AVERAGE(ALL_DATA!CA35:CA37) -> 62.837682 | CA13: =AVERAGE(ALL_DATA!CB35:CB37) -> 1.7746667 | CB13: =AVERAGE(ALL_DATA!CC35:CC37) -> 7.8633333 | CC13: =AVERAGE(ALL_DATA!CD35:CD37) -> 60.010333 | CD13: =AVERAGE(ALL_DATA!CE35:CE37) -> 10.184694 | CE13: =AVERAGE(ALL_DATA!CF35:CF37) -> 79.385345 | CF13: =AVERAGE(ALL_DATA!CG35:CG37) -> 10.42996
A14: ST52_P21 | B14: ST52 | C14: SPRING_2021 | D14: SALTED | E14: 45.961839 | F14: -1.278105 | G14: 44299 | H14: 0.47638889 | I14: =AVERAGE(ALL_DATA!J38:J40) -> 11.633333 | J14: =AVERAGE(ALL_DATA!K38:K40) -> 7.671 | K14: =AVERAGE(ALL_DATA!L38:L40) -> 30.466667 | L14: =AVERAGE(ALL_DATA!M38:M40) -> 47.7801 | M14: =AVERAGE(ALL_DATA!N38:N40) -> -52.5 | N14: =AVERAGE(ALL_DATA!O38:O40) -> 8.6 | O14: =AVERAGE(ALL_DATA!P38:P40) -> 4.7690682e+09 | P14: =AVERAGE(ALL_DATA!Q38:Q40) -> 68.888889 | ... AF14: =AVERAGE(ALL_DATA!AG38:AG40) -> 13.323333 | AG14: NA | AH14: =AVERAGE(ALL_DATA!AI38:AI40) -> 28.08 | AI14: =AVERAGE(ALL_DATA!AJ38:AJ40) -> 69.733333 | AJ14: =AVERAGE(ALL_DATA!AK38:AK40) -> 0.053333333 | AK14: =AVERAGE(ALL_DATA!AL38:AL40) -> 0.031333333 | AL14: =AVERAGE(ALL_DATA!AM38:AM40) -> 0.735 | AM14: =AVERAGE(ALL_DATA!AN38:AN40) -> 3.3246667 | AN14: =AVERAGE(ALL_DATA!AO38:AO40) -> 105.87467 | AO14: =AVERAGE(ALL_DATA!AP38:AP40) -> 43.899667 | AP14: =AVERAGE(ALL_DATA!AQ38:AQ40) -> 35.60168 | AQ14: NA | AR14: NA | AS14: NA | AT14: NA | AU14: NA | AV14: NA | AW14: NA | AX14: NA | AY14: NA | AZ14: NA | BA14: NA | BB14: NA | BC14: =AVERAGE(ALL_DATA!BD38:BD40) -> 0.063 | BD14: NA | BE14: =AVERAGE(ALL_DATA!BF38:BF40) -> 0.147 | BF14: NA | BG14: NA | BH14: NA | BI14: NA | BJ14: NA | BK14: NA | BL14: NA | BM14: =AVERAGE(ALL_DATA!BN38:BN40) -> 0.143 | BN14: NA | BO14: =AVERAGE(ALL_DATA!BP38:BP40) -> 0.042 | BP14: =AVERAGE(ALL_DATA!BQ38:BQ40) -> 0.039 | BQ14: NA | BR14: NA | BS14: NA | BT14: =AVERAGE(ALL_DATA!BU38:BU40) -> 0.092 | BU14: NA | BV14: =AVERAGE(ALL_DATA!BW38:BW40) -> 0.155 | BW14: NA | BX14: NA | BY14: NA | BZ14: =AVERAGE(ALL_DATA!CA38:CA40) -> 49.489211 | CA14: =AVERAGE(ALL_DATA!CB38:CB40) -> 2.2106667 | CB14: =AVERAGE(ALL_DATA!CC38:CC40) -> 11.038 | CC14: =AVERAGE(ALL_DATA!CD38:CD40) -> 110.92467 | CD14: =AVERAGE(ALL_DATA!CE38:CE40) -> 7.0867433 | CE14: =AVERAGE(ALL_DATA!CF38:CF40) -> 68.145218 | CF14: =AVERAGE(ALL_DATA!CG38:CG40) -> 24.768038
A15: ST61_P21 | B15: ST61 | C15: SPRING_2021 | D15: SALTED | E15: 45.771769 | F15: -1.054261 | G15: 44300 | H15: 0.49166667 | I15: =AVERAGE(ALL_DATA!J41:J43) -> 11.633333 | J15: =AVERAGE(ALL_DATA!K41:K43) -> 7.6223333 | K15: =AVERAGE(ALL_DATA!L41:L43) -> 17.433333 | L15: =AVERAGE(ALL_DATA!M41:M43) -> 27.5263 | M15: =AVERAGE(ALL_DATA!N41:N43) -> -51.633333 | N15: =AVERAGE(ALL_DATA!O41:O43) -> 6.8666667 | O15: =AVERAGE(ALL_DATA!P41:P43) -> 2.2199729e+09 | P15: =AVERAGE(ALL_DATA!Q41:Q43) -> 109.06667 | ... AF15: =AVERAGE(ALL_DATA!AG41:AG43) -> 14.7 | AG15: NA | AH15: =AVERAGE(ALL_DATA!AI41:AI43) -> 43.096667 | AI15: =AVERAGE(ALL_DATA!AJ41:AJ43) -> 106.76333 | AJ15: =AVERAGE(ALL_DATA!AK41:AK43) -> 0.086666667 | AK15: =AVERAGE(ALL_DATA!AL41:AL43) -> 0.14 | AL15: =AVERAGE(ALL_DATA!AM41:AM43) -> 1.1546667 | AM15: =AVERAGE(ALL_DATA!AN41:AN43) -> 4.068 | AN15: =AVERAGE(ALL_DATA!AO41:AO43) -> 115.53 | AO15: =AVERAGE(ALL_DATA!AP41:AP43) -> 104.05467 | AP15: =AVERAGE(ALL_DATA!AQ41:AQ43) -> 79.367129 | AQ15: NA | AR15: NA | AS15: NA | AT15: NA | AU15: NA | AV15: NA | AW15: NA | AX15: NA | AY15: NA | AZ15: NA | BA15: NA | BB15: NA | BC15: =AVERAGE(ALL_DATA!BD41:BD43) -> 0.036 | BD15: NA | BE15: =AVERAGE(ALL_DATA!BF41:BF43) -> 0.074 | BF15: NA | BG15: NA | BH15: =AVERAGE(ALL_DATA!BI41:BI43) -> 0.005 | BI15: NA | BJ15: NA | BK15: NA | BL15: NA | BM15: =AVERAGE(ALL_DATA!BN41:BN43) -> 0.106 | BN15: NA | BO15: =AVERAGE(ALL_DATA!BP41:BP43) -> 0.039 | BP15: NA | BQ15: NA | BR15: NA | BS15: NA | BT15: =AVERAGE(ALL_DATA!BU41:BU43) -> 0.11 | BU15: NA | BV15: =AVERAGE(ALL_DATA!BW41:BW43) -> 0.098 | BW15: NA | BX15: NA | BY15: NA | BZ15: =AVERAGE(ALL_DATA!CA41:CA43) -> 49.039294 | CA15: =AVERAGE(ALL_DATA!CB41:CB43) -> 1.998 | CB15: =AVERAGE(ALL_DATA!CC41:CC43) -> 8.0726667 | CC15: =AVERAGE(ALL_DATA!CD41:CD43) -> 141.94367 | CD15: =AVERAGE(ALL_DATA!CE41:CE43) -> 8.4009113 | CE15: =AVERAGE(ALL_DATA!CF41:CF43) -> 76.547905 | CF15: =AVERAGE(ALL_DATA!CG41:CG43) -> 15.051184
A16: ST63_P21 | B16: ST63 | C16: SPRING_2021 | D16: BRACKISH | E16: 45.323742 | F16: -0.70269 | G16: 44306 | H16: 0.43680556 | I16: =AVERAGE(ALL_DATA!J44:J46) -> 14.8 | J16: =AVERAGE(ALL_DATA!K44:K46) -> 7.3956667 | K16: =AVERAGE(ALL_DATA!L44:L46) -> 5.1666667 | L16: =AVERAGE(ALL_DATA!M44:M46) -> 8.4639 | M16: =AVERAGE(ALL_DATA!N44:N46) -> -38.6 | N16: =AVERAGE(ALL_DATA!O44:O46) -> 10 | O16: =AVERAGE(ALL_DATA!P44:P46) -> 1.0082849e+09 | P16: =AVERAGE(ALL_DATA!Q44:Q46) -> 6.9222222 | ... AF16: =AVERAGE(ALL_DATA!AG44:AG46) -> 15.773333 | AG16: NA | AH16: =AVERAGE(ALL_DATA!AI44:AI46) -> 36.956667 | AI16: =AVERAGE(ALL_DATA!AJ44:AJ46) -> 142.85667 | AJ16: =AVERAGE(ALL_DATA!AK44:AK46) -> 0.13666667 | AK16: =AVERAGE(ALL_DATA!AL44:AL46) -> 0 | AL16: =AVERAGE(ALL_DATA!AM44:AM46) -> 0.453 | AM16: =AVERAGE(ALL_DATA!AN44:AN46) -> 1.5536667 | AN16: =AVERAGE(ALL_DATA!AO44:AO46) -> 121.68967 | AO16: =AVERAGE(ALL_DATA!AP44:AP46) -> 56.496 | AP16: =AVERAGE(ALL_DATA!AQ44:AQ46) -> 30.298688 | AQ16: NA | AR16: NA | AS16: NA | AT16: NA | AU16: NA | AV16: NA | AW16: NA | AX16: NA | AY16: NA | AZ16: NA | BA16: NA | BB16: NA | BC16: =AVERAGE(ALL_DATA!BD44:BD46) -> 0.046 | BD16: NA | BE16: =AVERAGE(ALL_DATA!BF44:BF46) -> 0.086 | BF16: NA | BG16: NA | BH16: =AVERAGE(ALL_DATA!BI44:BI46) -> 0.004 | BI16: NA | BJ16: NA | BK16: NA | BL16: NA | BM16: =AVERAGE(ALL_DATA!BN44:BN46) -> 0.141 | BN16: NA | BO16: =AVERAGE(ALL_DATA!BP44:BP46) -> 0.028 | BP16: NA | BQ16: NA | BR16: NA | BS16: NA | BT16: =AVERAGE(ALL_DATA!BU44:BU46) -> 0.08 | BU16: NA | BV16: =AVERAGE(ALL_DATA!BW44:BW46) -> 0.112 | BW16: NA | BX16: NA | BY16: =AVERAGE(ALL_DATA!BZ44:BZ46) -> 0.045 | BZ16: =AVERAGE(ALL_DATA!CA44:CA46) -> 57.950268 | CA16: =AVERAGE(ALL_DATA!CB44:CB46) -> 1.6683333 | CB16: =AVERAGE(ALL_DATA!CC44:CC46) -> 7.291 | CC16: =AVERAGE(ALL_DATA!CD44:CD46) -> 62.028667 | CD16: =AVERAGE(ALL_DATA!CE44:CE46) -> 11.38056 | CE16: =AVERAGE(ALL_DATA!CF44:CF46) -> 77.710437 | CF16: =AVERAGE(ALL_DATA!CG44:CG46) -> 10.909002
A17: STRAPH_P21 | B17: STRAPH | C17: SPRING_2021 | D17: FRESHWATER | E17: 45.996237 | F17: -0.793843 | G17: 44321 | H17: 0.44166667 | I17: =AVERAGE(ALL_DATA!J47:J49) -> 13.6 | J17: =AVERAGE(ALL_DATA!K47:K49) -> 7.1386667 | K17: =AVERAGE(ALL_DATA!L47:L49) -> 0.23333333 | L17: =AVERAGE(ALL_DATA!M47:M49) -> 0.7975 | M17: =AVERAGE(ALL_DATA!N47:N49) -> -24.466667 | N17: =AVERAGE(ALL_DATA!O47:O49) -> 11.666667 | O17: =AVERAGE(ALL_DATA!P47:P49) -> 1.4822128e+09 | P17: =AVERAGE(ALL_DATA!Q47:Q49) -> 5.2222222 | ... AF17: =AVERAGE(ALL_DATA!AG47:AG49) -> 13.976667 | AG17: NA | AH17: =AVERAGE(ALL_DATA!AI47:AI49) -> 32.733333 | AI17: =AVERAGE(ALL_DATA!AJ47:AJ49) -> 80.923333 | AJ17: =AVERAGE(ALL_DATA!AK47:AK49) -> 0.056666667 | AK17: =AVERAGE(ALL_DATA!AL47:AL49) -> 0.238 | AL17: =AVERAGE(ALL_DATA!AM47:AM49) -> 0.24366667 | AM17: =AVERAGE(ALL_DATA!AN47:AN49) -> 1.1683333 | AN17: =AVERAGE(ALL_DATA!AO47:AO49) -> 329.27933 | AO17: =AVERAGE(ALL_DATA!AP47:AP49) -> 85.704667 | AP17: =AVERAGE(ALL_DATA!AQ47:AQ49) -> 47.030028 | AQ17: NA | AR17: NA | AS17: NA | AT17: NA | AU17: NA | AV17: NA | AW17: NA | AX17: NA | AY17: NA | AZ17: NA | BA17: NA | BB17: NA | BC17: NA | BD17: NA | BE17: NA | BF17: NA | BG17: NA | BH17: NA | BI17: NA | BJ17: NA | BK17: NA | BL17: NA | BM17: =AVERAGE(ALL_DATA!BN47:BN49) -> 0.024 | BN17: NA | BO17: NA | BP17: NA | BQ17: NA | BR17: NA | BS17: NA | BT17: NA | BU17: NA | BV17: NA | BW17: NA | BX17: NA | BY17: NA | BZ17: =AVERAGE(ALL_DATA!CA47:CA49) -> 61.990897 | CA17: =AVERAGE(ALL_DATA!CB47:CB49) -> 1.991 | CB17: =AVERAGE(ALL_DATA!CC47:CC49) -> 8.156 | CC17: =AVERAGE(ALL_DATA!CD47:CD49) -> 39.198333 | CD17: =AVERAGE(ALL_DATA!CE47:CE49) -> 8.387478 | CE17: =AVERAGE(ALL_DATA!CF47:CF49) -> 83.589843 | CF17: =AVERAGE(ALL_DATA!CG47:CG49) -> 8.0226783
A18: ST6_E21 | B18: ST6 | C18: SUMMER_2021 | D18: FRESHWATER | E18: 46.28213 | F18: -0.969368 | G18: 44410 | H18: 0.42986111 | I18: =AVERAGE(ALL_DATA!J50:J52) -> 21.233333 | J18: =AVERAGE(ALL_DATA!K50:K52) -> 7.391 | K18: =AVERAGE(ALL_DATA!L50:L52) -> 0.63333333 | L18: =AVERAGE(ALL_DATA!M50:M52) -> 0.13656667 | M18: =AVERAGE(ALL_DATA!N50:N52) -> -37.8 | N18: =AVERAGE(ALL_DATA!O50:O52) -> 19 | O18: =AVERAGE(ALL_DATA!P50:P52) -> 1.1786441e+09 | P18: =AVERAGE(ALL_DATA!Q50:Q52) -> 7.2444444 | ... AF18: =AVERAGE(ALL_DATA!AG50:AG52) -> 14.846667 | AG18: NA | AH18: =AVERAGE(ALL_DATA!AI50:AI52) -> 33.313333 | AI18: =AVERAGE(ALL_DATA!AJ50:AJ52) -> 78.066667 | AJ18: =AVERAGE(ALL_DATA!AK50:AK52) -> 0.053333333 | AK18: =AVERAGE(ALL_DATA!AL50:AL52) -> 0 | AL18: =AVERAGE(ALL_DATA!AM50:AM52) -> 0.331 | AM18: =AVERAGE(ALL_DATA!AN50:AN52) -> 7.247 | AN18: =AVERAGE(ALL_DATA!AO50:AO52) -> 470.85867 | AO18: =AVERAGE(ALL_DATA!AP50:AP52) -> 140.987 | AP18: =AVERAGE(ALL_DATA!AQ50:AQ52) -> 35.272613 | AQ18: NA | AR18: NA | AS18: NA | AT18: NA | AU18: NA | AV18: NA | AW18: NA | AX18: NA | AY18: NA | AZ18: NA | BA18: NA | BB18: NA | BC18: NA | BD18: NA | BE18: NA | BF18: NA | BG18: NA | BH18: NA | BI18: NA | BJ18: NA | BK18: NA | BL18: NA | BM18: NA | BN18: NA | BO18: NA | BP18: NA | BQ18: NA | BR18: NA | BS18: NA | BT18: NA | BU18: NA | BV18: NA | BW18: NA | BX18: NA | BY18: =AVERAGE(ALL_DATA!BZ50:BZ52) -> 0.026 | BZ18: =AVERAGE(ALL_DATA!CA50:CA52) -> 64.441479 | CA18: =AVERAGE(ALL_DATA!CB50:CB52) -> 2.4676667 | CB18: =AVERAGE(ALL_DATA!CC50:CC52) -> 43.617333 | CC18: =AVERAGE(ALL_DATA!CD50:CD52) -> 408.325 | CD18: =AVERAGE(ALL_DATA!CE50:CE52) -> 7.3129483 | CE18: =AVERAGE(ALL_DATA!CF50:CF52) -> 63.345388 | CF18: =AVERAGE(ALL_DATA!CG50:CG52) -> 29.341665
A19: ST75_E21 | B19: ST75 | C19: SUMMER_2021 | D19: BRACKISH | E19: 45.883995 | F19: -1.055508 | G19: 44407 | H19: 0.42708333 | I19: =AVERAGE(ALL_DATA!J53:J55) -> 21.366667 | J19: =AVERAGE(ALL_DATA!K53:K55) -> 7.1393333 | K19: =AVERAGE(ALL_DATA!L53:L55) -> 1.8 | L19: =AVERAGE(ALL_DATA!M53:M55) -> 3.4233333 | M19: =AVERAGE(ALL_DATA!N53:N55) -> -24.6 | N19: =AVERAGE(ALL_DATA!O53:O55) -> 15 | O19: =AVERAGE(ALL_DATA!P53:P55) -> 1.7063627e+09 | P19: =AVERAGE(ALL_DATA!Q53:Q55) -> 0.78888889 | ... AF19: =AVERAGE(ALL_DATA!AG53:AG55) -> 14.803333 | AG19: NA | AH19: =AVERAGE(ALL_DATA!AI53:AI55) -> 46.123333 | AI19: =AVERAGE(ALL_DATA!AJ53:AJ55) -> 95.26 | AJ19: =AVERAGE(ALL_DATA!AK53:AK55) -> 0.066666667 | AK19: =AVERAGE(ALL_DATA!AL53:AL55) -> 0 | AL19: =AVERAGE(ALL_DATA!AM53:AM55) -> 0.185 | AM19: =AVERAGE(ALL_DATA!AN53:AN55) -> 4.513 | AN19: =AVERAGE(ALL_DATA!AO53:AO55) -> 462.87833 | AO19: =AVERAGE(ALL_DATA!AP53:AP55) -> 121.76367 | AP19: =AVERAGE(ALL_DATA!AQ53:AQ55) -> 48.07105 | AQ19: NA | AR19: NA | AS19: NA | AT19: NA | AU19: NA | AV19: NA | AW19: NA | AX19: NA | AY19: NA | AZ19: NA | BA19: NA | BB19: NA | BC19: NA | BD19: NA | BE19: NA | BF19: NA | BG19: NA | BH19: NA | BI19: NA | BJ19: NA | BK19: NA | BL19: NA | BM19: =AVERAGE(ALL_DATA!BN53:BN55) -> 0.033 | BN19: NA | BO19: NA | BP19: NA | BQ19: NA | BR19: NA | BS19: NA | BT19: NA | BU19: NA | BV19: NA | BW19: NA | BX19: NA | BY19: NA | BZ19: =AVERAGE(ALL_DATA!CA53:CA55) -> 69.06324 | CA19: =AVERAGE(ALL_DATA!CB53:CB55) -> 1.9613333 | CB19: =AVERAGE(ALL_DATA!CC53:CC55) -> 8.5123333 | CC19: =AVERAGE(ALL_DATA!CD53:CD55) -> 58.615333 | CD19: =AVERAGE(ALL_DATA!CE53:CE55) -> 8.6726467 | CE19: =AVERAGE(ALL_DATA!CF53:CF55) -> 79.804508 | CF19: =AVERAGE(ALL_DATA!CG53:CG55) -> 11.522845
A20: ST16_E21 | B20: ST16 | C20: SUMMER_2021 | D20: SALTED | E20: 46.23537 | F20: -1.514997 | G20: 44403 | H20: 0.43055556 | I20: =AVERAGE(ALL_DATA!J56:J58) -> 20.233333 | J20: =AVERAGE(ALL_DATA!K56:K58) -> 7.1663333 | K20: =AVERAGE(ALL_DATA!L56:L58) -> 16.133333 | L20: =AVERAGE(ALL_DATA!M56:M58) -> 26.233333 | M20: =AVERAGE(ALL_DATA!N56:N58) -> -26.466667 | N20: =AVERAGE(ALL_DATA!O56:O58) -> 7.7333333 | O20: =AVERAGE(ALL_DATA!P56:P58) -> 6.2763388e+09 | P20: =AVERAGE(ALL_DATA!Q56:Q58) -> 93.333333 | ... AF20: =AVERAGE(ALL_DATA!AG56:AG58) -> 9.82 | AG20: NA | AH20: =AVERAGE(ALL_DATA!AI56:AI58) -> 29.17 | AI20: =AVERAGE(ALL_DATA!AJ56:AJ58) -> 56.023333 | AJ20: =AVERAGE(ALL_DATA!AK56:AK58) -> 0.05 | AK20: =AVERAGE(ALL_DATA!AL56:AL58) -> 0.712 | AL20: =AVERAGE(ALL_DATA!AM56:AM58) -> 0.582 | AM20: =AVERAGE(ALL_DATA!AN56:AN58) -> 6.12 | AN20: =AVERAGE(ALL_DATA!AO56:AO58) -> 212.21133 | AO20: =AVERAGE(ALL_DATA!AP56:AP58) -> 43.656333 | ... AQ20: =AVERAGE(ALL_DATA!AR56:AR58) -> 0.009 | AR20: NA | AS20: NA | AT20: NA | AU20: NA | AV20: NA | AW20: NA | AX20: NA | AY20: NA | AZ20: NA | BA20: NA | BB20: NA | BC20: NA | BD20: NA | BE20: =AVERAGE(ALL_DATA!BF56:BF58) -> 0.068 | BF20: NA | BG20: NA | BH20: NA | BI20: NA | BJ20: NA | BK20: NA | BL20: NA | BM20: NA | BN20: NA | BO20: =AVERAGE(ALL_DATA!BP56:BP58) -> 0.01 | BP20: NA | BQ20: NA | BR20: NA | BS20: NA | BT20: =AVERAGE(ALL_DATA!BU56:BU58) -> 0.03 | BU20: NA | BV20: NA | BW20: NA | BX20: NA | BY20: NA | BZ20: =AVERAGE(ALL_DATA!CA56:CA58) -> 47.15649 | CA20: =AVERAGE(ALL_DATA!CB56:CB58) -> 2.3326667 | CB20: =AVERAGE(ALL_DATA!CC56:CC58) -> 11.612 | CC20: =AVERAGE(ALL_DATA!CD56:CD58) -> 133.79 | CD20: =AVERAGE(ALL_DATA!CE56:CE58) -> 6.569226 | CE20: =AVERAGE(ALL_DATA!CF56:CF58) -> 64.995916 | CF20: =AVERAGE(ALL_DATA!CG56:CG58) -> 28.434857
A21: ST13_E21 | B21: ST13 | C21: SUMMER_2021 | D21: BRACKISH | E21: 46.262243 | F21: -1.106867 | G21: 44403 | H21: 0.53125 | I21: =AVERAGE(ALL_DATA!J59:J61) -> 23.4 | J21: =AVERAGE(ALL_DATA!K59:K61) -> 7.1873333 | K21: =AVERAGE(ALL_DATA!L59:L61) -> 6.8666667 | L21: =AVERAGE(ALL_DATA!M59:M61) -> 11.916667 | M21: =AVERAGE(ALL_DATA!N59:N61) -> -27.7 | N21: =AVERAGE(ALL_DATA!O59:O61) -> 12.633333 | O21: =AVERAGE(ALL_DATA!P59:P61) -> 3.8030915e+09 | P21: =AVERAGE(ALL_DATA!Q59:Q61) -> 1.6666667 | ... AF21: =AVERAGE(ALL_DATA!AG59:AG61) -> 14.92 | AG21: NA | AH21: =AVERAGE(ALL_DATA!AI59:AI61) -> 45.59 | AI21: =AVERAGE(ALL_DATA!AJ59:AJ61) -> 115.88667 | AJ21: =AVERAGE(ALL_DATA!AK59:AK61) -> 0.063333333 | AK21: =AVERAGE(ALL_DATA!AL59:AL61) -> 0 | AL21: =AVERAGE(ALL_DATA!AM59:AM61) -> 0.232 | AM21: =AVERAGE(ALL_DATA!AN59:AN61) -> 6.8936667 | AN21: =AVERAGE(ALL_DATA!AO59:AO61) -> 457.96667 | AO21: =AVERAGE(ALL_DATA!AP59:AP61) -> 149.12967 | AP21: =AVERAGE(ALL_DATA!AQ59:AQ61) -> 29.134676 | AQ21: NA | AR21: NA | AS21: NA | AT21: NA | AU21: NA | AV21: NA | AW21: NA | AX21: NA | AY21: NA | AZ21: NA | BA21: NA | BB21: NA | BC21: NA | BD21: NA | BE21: =AVERAGE(ALL_DATA!BF59:BF61) -> 0.082 | BF21: NA | BG21: NA | BH21: NA | BI21: NA | BJ21: NA | BK21: NA | BL21: NA | BM21: =AVERAGE(ALL_DATA!BN59:BN61) -> 0.08 | BN21: NA | BO21: =AVERAGE(ALL_DATA!BP59:BP61) -> 0.017 | BP21: NA | BQ21: NA | BR21: NA | BS21: NA | BT21: =AVERAGE(ALL_DATA!BU59:BU61) -> 0.053 | BU21: NA | BV21: =AVERAGE(ALL_DATA!BW59:BW61) -> 0.051 | BW21: NA | BX21: NA | BY21: NA | BZ21: =AVERAGE(ALL_DATA!CA59:CA61) -> 63.735426 | CA21: =AVERAGE(ALL_DATA!CB59:CB61) -> 1.7746667 | CB21: =AVERAGE(ALL_DATA!CC59:CC61) -> 7.8633333 | CC21: =AVERAGE(ALL_DATA!CD59:CD61) -> 60.010333 | CD21: =AVERAGE(ALL_DATA!CE59:CE61) -> 10.184694 | CE21: =AVERAGE(ALL_DATA!CF59:CF61) -> 79.385345 | CF21: =AVERAGE(ALL_DATA!CG59:CG61) -> 10.42996
A22: ST52_E21 | B22: ST52 | C22: SUMMER_2021 | D22: SALTED | E22: 45.961839 | F22: -1.278105 | G22: 44404 | H22: 0.45833333 | I22: =AVERAGE(ALL_DATA!J62:J64) -> 20 | J22: =AVERAGE(ALL_DATA!K62:K64) -> 7.3786667 | K22: =AVERAGE(ALL_DATA!L62:L64) -> 32.533333 | L22: =AVERAGE(ALL_DATA!M62:M64) -> 51.133333 | M22: =AVERAGE(ALL_DATA!N62:N64) -> -37.966667 | N22: =AVERAGE(ALL_DATA!O62:O64) -> 6.3666667 | O22: =AVERAGE(ALL_DATA!P62:P64) -> 7.5699359e+09 | P22: =AVERAGE(ALL_DATA!Q62:Q64) -> 95.733333 | ... AF22: =AVERAGE(ALL_DATA!AG62:AG64) -> 18.346667 | AG22: NA | AH22: =AVERAGE(ALL_DATA!AI62:AI64) -> 26.903333 | AI22: =AVERAGE(ALL_DATA!AJ62:AJ64) -> 66.45 | AJ22: =AVERAGE(ALL_DATA!AK62:AK64) -> 0.073333333 | AK22: =AVERAGE(ALL_DATA!AL62:AL64) -> 0 | AL22: =AVERAGE(ALL_DATA!AM62:AM64) -> 0.65333333 | AM22: =AVERAGE(ALL_DATA!AN62:AN64) -> 7.0266667 | AN22: =AVERAGE(ALL_DATA!AO62:AO64) -> 179.66 | AO22: =AVERAGE(ALL_DATA!AP62:AP64) -> 105.20333 | AP22: =AVERAGE(ALL_DATA!AQ62:AQ64) -> 47.926485 | AQ22: NA | AR22: NA | AS22: NA | AT22: NA | AU22: NA | AV22: NA | AW22: NA | AX22: NA | AY22: NA | AZ22: NA | BA22: NA | BB22: NA | BC22: =AVERAGE(ALL_DATA!BD62:BD64) -> 0.063 | BD22: NA | BE22: =AVERAGE(ALL_DATA!BF62:BF64) -> 0.147 | BF22: NA | BG22: NA | BH22: NA | BI22: NA | BJ22: NA | BK22: NA | BL22: NA | BM22: =AVERAGE(ALL_DATA!BN62:BN64) -> 0.143 | BN22: NA | BO22: =AVERAGE(ALL_DATA!BP62:BP64) -> 0.042 | BP22: =AVERAGE(ALL_DATA!BQ62:BQ64) -> 0.039 | BQ22: NA | BR22: NA | BS22: NA | BT22: =AVERAGE(ALL_DATA!BU62:BU64) -> 0.092 | BU22: NA | BV22: =AVERAGE(ALL_DATA!BW62:BW64) -> 0.155 | BW22: NA | BX22: NA | BY22: NA | BZ22: =AVERAGE(ALL_DATA!CA62:CA64) -> 48.093766 | CA22: =AVERAGE(ALL_DATA!CB62:CB64) -> 2.2106667 | CB22: =AVERAGE(ALL_DATA!CC62:CC64) -> 11.038 | CC22: =AVERAGE(ALL_DATA!CD62:CD64) -> 110.92467 | CD22: =AVERAGE(ALL_DATA!CE62:CE64) -> 7.0867433 | CE22: =AVERAGE(ALL_DATA!CF62:CF64) -> 68.145218 | CF22: =AVERAGE(ALL_DATA!CG62:CG64) -> 24.768038
A23: ST61_E21 | B23: ST61 | C23: SUMMER_2021 | D23: SALTED | E23: 45.771769 | F23: -1.054261 | G23: 44405 | H23: 0.53125 | I23: =AVERAGE(ALL_DATA!J65:J67) -> 23.033333 | J23: =AVERAGE(ALL_DATA!K65:K67) -> 7.185 | K23: =AVERAGE(ALL_DATA!L65:L67) -> 28.3 | L23: =AVERAGE(ALL_DATA!M65:M67) -> 44.133333 | M23: =AVERAGE(ALL_DATA!N65:N67) -> -31.6 | N23: =AVERAGE(ALL_DATA!O65:O67) -> 14.5 | O23: =AVERAGE(ALL_DATA!P65:P67) -> 3.7393288e+09 | P23: =AVERAGE(ALL_DATA!Q65:Q67) -> 89.111111 | ... AF23: =AVERAGE(ALL_DATA!AG65:AG67) -> 20.716667 | AG23: NA | AH23: =AVERAGE(ALL_DATA!AI65:AI67) -> 39.76 | AI23: =AVERAGE(ALL_DATA!AJ65:AJ67) -> 115.24333 | AJ23: =AVERAGE(ALL_DATA!AK65:AK67) -> 0.12333333 | AK23: =AVERAGE(ALL_DATA!AL65:AL67) -> 0.22 | AL23: =AVERAGE(ALL_DATA!AM65:AM67) -> 0.90133333 | AM23: =AVERAGE(ALL_DATA!AN65:AN67) -> 4.6413333 | AN23: =AVERAGE(ALL_DATA!AO65:AO67) -> 184.60733 | AO23: =AVERAGE(ALL_DATA!AP65:AP67) -> 57.018667 | AP23: =AVERAGE(ALL_DATA!AQ65:AQ67) -> 53.739171 | AQ23: NA | AR23: NA | AS23: NA | AT23: NA | AU23: NA | AV23: NA | AW23: NA | AX23: NA | AY23: NA | AZ23: NA | BA23: NA | BB23: NA | BC23: =AVERAGE(ALL_DATA!BD65:BD67) -> 0.036 | BD23: NA | BE23: =AVERAGE(ALL_DATA!BF65:BF67) -> 0.074 | BF23: NA | BG23: NA | BH23: =AVERAGE(ALL_DATA!BI65:BI67) -> 0.005 | BI23: NA | BJ23: NA | BK23: NA | BL23: NA | BM23: =AVERAGE(ALL_DATA!BN65:BN67) -> 0.106 | BN23: NA | BO23: =AVERAGE(ALL_DATA!BP65:BP67) -> 0.039 | BP23: NA | BQ23: NA | BR23: NA | BS23: NA | BT23: =AVERAGE(ALL_DATA!BU65:BU67) -> 0.11 | BU23: NA | BV23: =AVERAGE(ALL_DATA!BW65:BW67) -> 0.098 | BW23: NA | BX23: NA | BY23: NA | BZ23: =AVERAGE(ALL_DATA!CA65:CA67) -> 54.735757 | CA23: =AVERAGE(ALL_DATA!CB65:CB67) -> 1.998 | CB23: =AVERAGE(ALL_DATA!CC65:CC67) -> 8.0726667 | CC23: =AVERAGE(ALL_DATA!CD65:CD67) -> 141.94367 | CD23: =AVERAGE(ALL_DATA!CE65:CE67) -> 8.4009113 | CE23: =AVERAGE(ALL_DATA!CF65:CF67) -> 76.547905 | CF23: =AVERAGE(ALL_DATA!CG65:CG67) -> 15.051184
A24: ST63_E21 | B24: ST63 | C24: SUMMER_2021 | D24: BRACKISH | E24: 45.323742 | F24: -0.70269 | G24: 44413 | H24: 11h46 | I24: =AVERAGE(ALL_DATA!J68:J70) -> 21 | J24: =AVERAGE(ALL_DATA!K68:K70) -> 7.355 | K24: =AVERAGE(ALL_DATA!L68:L70) -> 5.0333333 | L24: =AVERAGE(ALL_DATA!M68:M70) -> 9.0866667 | M24: =AVERAGE(ALL_DATA!N68:N70) -> -29.766667 | N24: =AVERAGE(ALL_DATA!O68:O70) -> 18.333333 | O24: =AVERAGE(ALL_DATA!P68:P70) -> 1.2352729e+09 | P24: =AVERAGE(ALL_DATA!Q68:Q70) -> 7.4888889 | ... AF24: =AVERAGE(ALL_DATA!AG68:AG70) -> 20.64 | AG24: NA | AH24: =AVERAGE(ALL_DATA!AI68:AI70) -> 36.706667 | AI24: =AVERAGE(ALL_DATA!AJ68:AJ70) -> 136.9 | AJ24: =AVERAGE(ALL_DATA!AK68:AK70) -> 0.15333333 | AK24: =AVERAGE(ALL_DATA!AL68:AL70) -> 0 | AL24: =AVERAGE(ALL_DATA!AM68:AM70) -> 0.89233333 | AM24: =AVERAGE(ALL_DATA!AN68:AN70) -> 2.9293333 | AN24: =AVERAGE(ALL_DATA!AO68:AO70) -> 155.16633 | AO24: =AVERAGE(ALL_DATA!AP68:AP70) -> 85.165333 | AP24: =AVERAGE(ALL_DATA!AQ68:AQ70) -> 44.448197 | AQ24: NA | AR24: NA | AS24: NA | AT24: NA | AU24: NA | AV24: NA | AW24: NA | AX24: NA | AY24: NA | AZ24: NA | BA24: NA | BB24: NA | BC24: =AVERAGE(ALL_DATA!BD68:BD70) -> 0.046 | BD24: NA | BE24: =AVERAGE(ALL_DATA!BF68:BF70) -> 0.086 | BF24: NA | BG24: NA | BH24: =AVERAGE(ALL_DATA!BI68:BI70) -> 0.004 | BI24: NA | BJ24: NA | BK24: NA | BL24: NA | BM24: =AVERAGE(ALL_DATA!BN68:BN70) -> 0.141 | BN24: NA | BO24: =AVERAGE(ALL_DATA!BP68:BP70) -> 0.028 | BP24: NA | BQ24: NA | BR24: NA | BS24: NA | BT24: =AVERAGE(ALL_DATA!BU68:BU70) -> 0.08 | BU24: NA | BV24: =AVERAGE(ALL_DATA!BW68:BW70) -> 0.112 | BW24: NA | BX24: NA | BY24: =AVERAGE(ALL_DATA!BZ68:BZ70) -> 0.045 | BZ24: =AVERAGE(ALL_DATA!CA68:CA70) -> 50.031717 | CA24: =AVERAGE(ALL_DATA!CB68:CB70) -> 1.6683333 | CB24: =AVERAGE(ALL_DATA!CC68:CC70) -> 7.291 | CC24: =AVERAGE(ALL_DATA!CD68:CD70) -> 62.028667 | CD24: =AVERAGE(ALL_DATA!CE68:CE70) -> 11.38056 | CE24: =AVERAGE(ALL_DATA!CF68:CF70) -> 77.710437 | CF24: =AVERAGE(ALL_DATA!CG68:CG70) -> 10.909002
A25: STRAPH_E21 | B25: STRAPH | C25: SUMMER_2021 | D25: FRESHWATER | E25: 45.996237 | F25: -0.793843 | G25: 44412 | H25: 0.42083333 | I25: =AVERAGE(ALL_DATA!J71:J73) -> 19.4 | J25: =AVERAGE(ALL_DATA!K71:K73) -> 7.0236667 | K25: =AVERAGE(ALL_DATA!L71:L73) -> 0.36666667 | L25: =AVERAGE(ALL_DATA!M71:M73) -> 0.857 | M25: =AVERAGE(ALL_DATA!N71:N73) -> -18.2 | N25: =AVERAGE(ALL_DATA!O71:O73) -> 21.666667 | O25: =AVERAGE(ALL_DATA!P71:P73) -> 2.1758214e+09 | P25: =AVERAGE(ALL_DATA!Q71:Q73) -> 16.8 | ... AF25: =AVERAGE(ALL_DATA!AG71:AG73) -> 19.86 | AG25: NA | AH25: =AVERAGE(ALL_DATA!AI71:AI73) -> 31.82 | AI25: =AVERAGE(ALL_DATA!AJ71:AJ73) -> 83.083333 | AJ25: =AVERAGE(ALL_DATA!AK71:AK73) -> 0.07 | AK25: =AVERAGE(ALL_DATA!AL71:AL73) -> 0 | AL25: =AVERAGE(ALL_DATA!AM71:AM73) -> 0.24033333 | AM25: =AVERAGE(ALL_DATA!AN71:AN73) -> 0.83233333 | AN25: =AVERAGE(ALL_DATA!AO71:AO73) -> 446.68467 | AO25: =AVERAGE(ALL_DATA!AP71:AP73) -> 82.209333 | AP25: =AVERAGE(ALL_DATA!AQ71:AQ73) -> 50.295883 | AQ25: NA | AR25: NA | AS25: NA | AT25: NA | AU25: NA | AV25: NA | AW25: NA | AX25: NA | AY25: NA | AZ25: NA | BA25: NA | BB25: NA | BC25: NA | BD25: NA | BE25: NA | BF25: NA | BG25: NA | BH25: NA | BI25: NA | BJ25: NA | BK25: NA | BL25: NA | BM25: =AVERAGE(ALL_DATA!BN71:BN73) -> 0.024 | BN25: NA | BO25: NA | BP25: NA | BQ25: NA | BR25: NA | BS25: NA | BT25: NA | BU25: NA | BV25: NA | BW25: NA | BX25: NA | BY25: NA | BZ25: =AVERAGE(ALL_DATA!CA71:CA73) -> 63.699301 | CA25: =AVERAGE(ALL_DATA!CB71:CB73) -> 1.991 | CB25: =AVERAGE(ALL_DATA!CC71:CC73) -> 8.156 | CC25: =AVERAGE(ALL_DATA!CD71:CD73) -> 39.198333 | CD25: =AVERAGE(ALL_DATA!CE71:CE73) -> 8.387478 | CE25: =AVERAGE(ALL_DATA!CF71:CF73) -> 83.589843 | CF25: =AVERAGE(ALL_DATA!CG71:CG73) -> 8.0226783
A26: ST6_A21 | B26: ST6 | C26: AUTUMN_2021 | D26: FRESHWATER | E26: 46.28213 | F26: -0.969368 | G26: 44540 | H26: 0.46527778 | I26: =AVERAGE(ALL_DATA!J74:J76) -> 7.8333333 | J26: =AVERAGE(ALL_DATA!K74:K76) -> 7.51 | K26: =AVERAGE(ALL_DATA!L74:L76) -> 0.56666667 | L26: =AVERAGE(ALL_DATA!M74:M76) -> 0.12166667 | M26: =AVERAGE(ALL_DATA!N74:N76) -> -25.54535 | N26: =AVERAGE(ALL_DATA!O74:O76) -> 10.066667 | O26: =AVERAGE(ALL_DATA!P74:P76) -> 1.3578237e+09 | P26: =AVERAGE(ALL_DATA!Q74:Q76) -> 4.4777778 | ... AF26: =AVERAGE(ALL_DATA!AG74:AG76) -> 16.81 | AG26: NA | AH26: =AVERAGE(ALL_DATA!AI74:AI76) -> 29.136667 | AI26: =AVERAGE(ALL_DATA!AJ74:AJ76) -> 70.606667 | AJ26: =AVERAGE(ALL_DATA!AK74:AK76) -> 0.053333333 | AK26: =AVERAGE(ALL_DATA!AL74:AL76) -> 0 | AL26: =AVERAGE(ALL_DATA!AM74:AM76) -> 0.33 | AM26: =AVERAGE(ALL_DATA!AN74:AN76) -> 0.64666667 | AN26: =AVERAGE(ALL_DATA!AO74:AO76) -> 399.54 | AO26: =AVERAGE(ALL_DATA!AP74:AP76) -> 98.616667 | AP26: =AVERAGE(ALL_DATA!AQ74:AQ76) -> 49.578431 | AQ26: NA | AR26: NA | AS26: NA | AT26: NA | AU26: NA | AV26: NA | AW26: NA | AX26: NA | AY26: NA | AZ26: NA | BA26: NA | BB26: NA | BC26: NA | BD26: NA | BE26: NA | BF26: NA | BG26: NA | BH26: NA | BI26: NA | BJ26: NA | BK26: NA | BL26: NA | BM26: NA | BN26: NA | BO26: NA | BP26: NA | BQ26: NA | BR26: NA | BS26: NA | BT26: NA | BU26: NA | BV26: NA | BW26: NA | BX26: NA | BY26: =AVERAGE(ALL_DATA!BZ74:BZ76) -> 0.026 | BZ26: =AVERAGE(ALL_DATA!CA74:CA76) -> 57.745085 | CA26: =AVERAGE(ALL_DATA!CB74:CB76) -> 2.4676667 | CB26: =AVERAGE(ALL_DATA!CC74:CC76) -> 43.617333 | CC26: =AVERAGE(ALL_DATA!CD74:CD76) -> 408.325 | CD26: =AVERAGE(ALL_DATA!CE74:CE76) -> 7.3129483 | CE26: =AVERAGE(ALL_DATA!CF74:CF76) -> 63.345388 | CF26: =AVERAGE(ALL_DATA!CG74:CG76) -> 29.341665
A27: ST75_A21 | B27: ST75 | C27: AUTUMN_2021 | D27: BRACKISH | E27: 45.883995 | F27: -1.055508 | G27: 44543 | H27: 0.45277778 | I27: =AVERAGE(ALL_DATA!J77:J79) -> 8.4666667 | J27: =AVERAGE(ALL_DATA!K77:K79) -> 7.3266667 | K27: =AVERAGE(ALL_DATA!L77:L79) -> 2.5 | L27: =AVERAGE(ALL_DATA!M77:M79) -> 4.72 | M27: =AVERAGE(ALL_DATA!N77:N79) -> -15.3181 | N27: =AVERAGE(ALL_DATA!O77:O79) -> 14.333333 | O27: =AVERAGE(ALL_DATA!P77:P79) -> 1.1868495e+09 | P27: =AVERAGE(ALL_DATA!Q77:Q79) -> 1.3777778 | ... AF27: =AVERAGE(ALL_DATA!AG77:AG79) -> 19.793333 | AG27: NA | AH27: =AVERAGE(ALL_DATA!AI77:AI79) -> 43.326667 | AI27: =AVERAGE(ALL_DATA!AJ77:AJ79) -> 93.426667 | AJ27: =AVERAGE(ALL_DATA!AK77:AK79) -> 0.076666667 | AK27: =AVERAGE(ALL_DATA!AL77:AL79) -> 0.17333333 | AL27: =AVERAGE(ALL_DATA!AM77:AM79) -> 0.18 | AM27: =AVERAGE(ALL_DATA!AN77:AN79) -> 1.4333333 | AN27: =AVERAGE(ALL_DATA!AO77:AO79) -> 425.67667 | AO27: =AVERAGE(ALL_DATA!AP77:AP79) -> 145.97333 | AP27: =AVERAGE(ALL_DATA!AQ77:AQ79) -> #DIV/0! | AQ27: NA | AR27: NA | AS27: NA | AT27: NA | AU27: NA | AV27: NA | AW27: NA | AX27: NA | AY27: NA | AZ27: NA | BA27: NA | BB27: NA | BC27: NA | BD27: NA | BE27: NA | BF27: NA | BG27: NA | BH27: NA | BI27: NA | BJ27: NA | BK27: NA | BL27: NA | BM27: =AVERAGE(ALL_DATA!BN77:BN79) -> 0.033 | BN27: NA | BO27: NA | BP27: NA | BQ27: NA | BR27: NA | BS27: NA | BT27: NA | BU27: NA | BV27: NA | BW27: NA | BX27: NA | BY27: NA | BZ27: =AVERAGE(ALL_DATA!CA77:CA79) -> 64.11496 | CA27: =AVERAGE(ALL_DATA!CB77:CB79) -> 1.9613333 | CB27: =AVERAGE(ALL_DATA!CC77:CC79) -> 8.5123333 | CC27: =AVERAGE(ALL_DATA!CD77:CD79) -> 58.615333 | CD27: =AVERAGE(ALL_DATA!CE77:CE79) -> 8.6726467 | CE27: =AVERAGE(ALL_DATA!CF77:CF79) -> 79.804508 | CF27: =AVERAGE(ALL_DATA!CG77:CG79) -> 11.522845
A28: ST16_A21 | B28: ST16 | C28: AUTUMN_2021 | D28: SALTED | E28: 46.23537 | F28: -1.514997 | G28: 44536 | H28: 0.42361111 | I28: =AVERAGE(ALL_DATA!J80:J82) -> 8.4333333 | J28: =AVERAGE(ALL_DATA!K80:K82) -> 7.6066667 | K28: =AVERAGE(ALL_DATA!L80:L82) -> 33.766667 | L28: =AVERAGE(ALL_DATA!M80:M82) -> 52.133333 | M28: =AVERAGE(ALL_DATA!N80:N82) -> -30.9379 | N28: =AVERAGE(ALL_DATA!O80:O82) -> 8.3 | O28: =AVERAGE(ALL_DATA!P80:P82) -> 6.7849366e+09 | P28: =AVERAGE(ALL_DATA!Q80:Q82) -> 114.35556 | ... AF28: =AVERAGE(ALL_DATA!AG80:AG82) -> 12.903333 | AG28: NA | AH28: =AVERAGE(ALL_DATA!AI80:AI82) -> 25.033333 | AI28: =AVERAGE(ALL_DATA!AJ80:AJ82) -> 52.443333 | AJ28: =AVERAGE(ALL_DATA!AK80:AK82) -> 0.06 | AK28: =AVERAGE(ALL_DATA!AL80:AL82) -> 1 | AL28: =AVERAGE(ALL_DATA!AM80:AM82) -> 1.2266667 | AM28: =AVERAGE(ALL_DATA!AN80:AN82) -> 9.2866667 | AN28: =AVERAGE(ALL_DATA!AO80:AO82) -> 144.9 | AO28: =AVERAGE(ALL_DATA!AP80:AP82) -> 61.966667 | ... AQ28: =AVERAGE(ALL_DATA!AR80:AR82) -> 0.009 | AR28: NA | AS28: NA | AT28: NA | AU28: NA | AV28: NA | AW28: NA | AX28: NA | AY28: NA | AZ28: NA | BA28: NA | BB28: NA | BC28: NA | BD28: NA | BE28: =AVERAGE(ALL_DATA!BF80:BF82) -> 0.068 | BF28: NA | BG28: NA | BH28: NA | BI28: NA | BJ28: NA | BK28: NA | BL28: NA | BM28: NA | BN28: NA | BO28: =AVERAGE(ALL_DATA!BP80:BP82) -> 0.01 | BP28: NA | BQ28: NA | BR28: NA | BS28: NA | BT28: =AVERAGE(ALL_DATA!BU80:BU82) -> 0.03 | BU28: NA | BV28: NA | BW28: NA | BX28: NA | BY28: NA | BZ28: =AVERAGE(ALL_DATA!CA80:CA82) -> 45.14297 | CA28: =AVERAGE(ALL_DATA!CB80:CB82) -> 2.3326667 | CB28: =AVERAGE(ALL_DATA!CC80:CC82) -> 11.612 | CC28: =AVERAGE(ALL_DATA!CD80:CD82) -> 133.79 | CD28: =AVERAGE(ALL_DATA!CE80:CE82) -> 6.569226 | CE28: =AVERAGE(ALL_DATA!CF80:CF82) -> 64.995916 | CF28: =AVERAGE(ALL_DATA!CG80:CG82) -> 28.434857
A29: ST13_A21 | B29: ST13 | C29: AUTUMN_2021 | D29: BRACKISH | E29: 46.262243 | F29: -1.106867 | G29: 44536 | H29: 0.51736111 | I29: =AVERAGE(ALL_DATA!J83:J85) -> 8.6 | J29: =AVERAGE(ALL_DATA!K83:K85) -> 7.58 | K29: =AVERAGE(ALL_DATA!L83:L85) -> 14.333333 | L29: =AVERAGE(ALL_DATA!M83:M85) -> 23.863333 | M29: =AVERAGE(ALL_DATA!N83:N85) -> -29.4503 | N29: =AVERAGE(ALL_DATA!O83:O85) -> 9.5 | O29: =AVERAGE(ALL_DATA!P83:P85) -> 3.2856475e+09 | P29: =AVERAGE(ALL_DATA!Q83:Q85) -> 12.066667 | ... AF29: =AVERAGE(ALL_DATA!AG83:AG85) -> 20.29 | AG29: NA | AH29: =AVERAGE(ALL_DATA!AI83:AI85) -> 44.396667 | AI29: =AVERAGE(ALL_DATA!AJ83:AJ85) -> 123.90667 | AJ29: =AVERAGE(ALL_DATA!AK83:AK85) -> 0.1 | AK29: =AVERAGE(ALL_DATA!AL83:AL85) -> 0 | AL29: =AVERAGE(ALL_DATA!AM83:AM85) -> 1.0633333 | AM29: =AVERAGE(ALL_DATA!AN83:AN85) -> 25.76 | AN29: =AVERAGE(ALL_DATA!AO83:AO85) -> 453.09667 | AO29: =AVERAGE(ALL_DATA!AP83:AP85) -> 139.94333 | AP29: =AVERAGE(ALL_DATA!AQ83:AQ85) -> 37.469965 | AQ29: NA | AR29: NA | AS29: NA | AT29: NA | AU29: NA | AV29: NA | AW29: NA | AX29: NA | AY29: NA | AZ29: NA | BA29: NA | BB29: NA | BC29: NA | BD29: NA | BE29: =AVERAGE(ALL_DATA!BF83:BF85) -> 0.082 | BF29: NA | BG29: NA | BH29: NA | BI29: NA | BJ29: NA | BK29: NA | BL29: NA | BM29: =AVERAGE(ALL_DATA!BN83:BN85) -> 0.08 | BN29: NA | BO29: =AVERAGE(ALL_DATA!BP83:BP85) -> 0.017 | BP29: NA | BQ29: NA | BR29: NA | BS29: NA | BT29: =AVERAGE(ALL_DATA!BU83:BU85) -> 0.053 | BU29: NA | BV29: =AVERAGE(ALL_DATA!BW83:BW85) -> 0.051 | BW29: NA | BX29: NA | BY29: NA | BZ29: =AVERAGE(ALL_DATA!CA83:CA85) -> 62.431257 | CA29: =AVERAGE(ALL_DATA!CB83:CB85) -> 1.7746667 | CB29: =AVERAGE(ALL_DATA!CC83:CC85) -> 7.8633333 | CC29: =AVERAGE(ALL_DATA!CD83:CD85) -> 60.010333 | CD29: =AVERAGE(ALL_DATA!CE83:CE85) -> 10.184694 | CE29: =AVERAGE(ALL_DATA!CF83:CF85) -> 79.385345 | CF29: =AVERAGE(ALL_DATA!CG83:CG85) -> 10.42996
A30: ST52_A21 | B30: ST52 | C30: AUTUMN_2021 | D30: SALTED | E30: 45.961839 | F30: -1.278105 | G30: 44537 | H30: 0.47916667 | I30: =AVERAGE(ALL_DATA!J86:J88) -> 8.7 | J30: =AVERAGE(ALL_DATA!K86:K88) -> 7.57 | K30: =AVERAGE(ALL_DATA!L86:L88) -> 32.833333 | L30: =AVERAGE(ALL_DATA!M86:M88) -> 51.166667 | M30: =AVERAGE(ALL_DATA!N86:N88) -> -28.89245 | N30: =AVERAGE(ALL_DATA!O86:O88) -> 9.4666667 | O30: =AVERAGE(ALL_DATA!P86:P88) -> 4.5341012e+09 | P30: =AVERAGE(ALL_DATA!Q86:Q88) -> 65.644444 | ... AF30: =AVERAGE(ALL_DATA!AG86:AG88) -> 20.4 | AG30: NA | AH30: =AVERAGE(ALL_DATA!AI86:AI88) -> 29.073333 | AI30: =AVERAGE(ALL_DATA!AJ86:AJ88) -> 74.8 | AJ30: =AVERAGE(ALL_DATA!AK86:AK88) -> 0.086666667 | AK30: =AVERAGE(ALL_DATA!AL86:AL88) -> 0.23333333 | AL30: =AVERAGE(ALL_DATA!AM86:AM88) -> 1.93 | AM30: =AVERAGE(ALL_DATA!AN86:AN88) -> 9.9566667 | AN30: =AVERAGE(ALL_DATA!AO86:AO88) -> 79.24 | AO30: =AVERAGE(ALL_DATA!AP86:AP88) -> 74.553333 | AP30: =AVERAGE(ALL_DATA!AQ86:AQ88) -> 41.548332 | AQ30: NA | AR30: NA | AS30: NA | AT30: NA | AU30: NA | AV30: NA | AW30: NA | AX30: NA | AY30: NA | AZ30: NA | BA30: NA | BB30: NA | BC30: =AVERAGE(ALL_DATA!BD86:BD88) -> 0.063 | BD30: NA | BE30: =AVERAGE(ALL_DATA!BF86:BF88) -> 0.147 | BF30: NA | BG30: NA | BH30: NA | BI30: NA | BJ30: NA | BK30: NA | BL30: NA | BM30: =AVERAGE(ALL_DATA!BN86:BN88) -> 0.143 | BN30: NA | BO30: =AVERAGE(ALL_DATA!BP86:BP88) -> 0.042 | BP30: =AVERAGE(ALL_DATA!BQ86:BQ88) -> 0.039 | BQ30: NA | BR30: NA | BS30: NA | BT30: =AVERAGE(ALL_DATA!BU86:BU88) -> 0.092 | BU30: NA | BV30: =AVERAGE(ALL_DATA!BW86:BW88) -> 0.155 | BW30: NA | BX30: NA | BY30: NA | BZ30: =AVERAGE(ALL_DATA!CA86:CA88) -> 49.813908 | CA30: =AVERAGE(ALL_DATA!CB86:CB88) -> 2.2106667 | CB30: =AVERAGE(ALL_DATA!CC86:CC88) -> 11.038 | CC30: =AVERAGE(ALL_DATA!CD86:CD88) -> 110.92467 | CD30: =AVERAGE(ALL_DATA!CE86:CE88) -> 7.0867433 | CE30: =AVERAGE(ALL_DATA!CF86:CF88) -> 68.145218 | CF30: =AVERAGE(ALL_DATA!CG86:CG88) -> 24.768038
A31: ST61_A21 | B31: ST61 | C31: AUTUMN_2021 | D31: SALTED | E31: 45.771769 | F31: -1.054261 | G31: 44538 | H31: 0.51944444 | I31: =AVERAGE(ALL_DATA!J89:J91) -> 8.1 | J31: =AVERAGE(ALL_DATA!K89:K91) -> 7.3466667 | K31: =AVERAGE(ALL_DATA!L89:L91) -> 24.733333 | L31: =AVERAGE(ALL_DATA!M89:M91) -> 39.266667 | M31: =AVERAGE(ALL_DATA!N89:N91) -> -16.4338 | N31: =AVERAGE(ALL_DATA!O89:O91) -> 20 | O31: =AVERAGE(ALL_DATA!P89:P91) -> 3.6094847e+09 | P31: =AVERAGE(ALL_DATA!Q89:Q91) -> 372.44444 | ... AF31: =AVERAGE(ALL_DATA!AG89:AG91) -> 19.863333 | AG31: NA | AH31: =AVERAGE(ALL_DATA!AI89:AI91) -> 38.81 | AI31: =AVERAGE(ALL_DATA!AJ89:AJ91) -> 111.60333 | AJ31: =AVERAGE(ALL_DATA!AK89:AK91) -> 0.13 | AK31: =AVERAGE(ALL_DATA!AL89:AL91) -> 0.93666667 | AL31: =AVERAGE(ALL_DATA!AM89:AM91) -> 2.2166667 | AM31: =AVERAGE(ALL_DATA!AN89:AN91) -> 6.6733333 | AN31: =AVERAGE(ALL_DATA!AO89:AO91) -> 122.82 | AO31: =AVERAGE(ALL_DATA!AP89:AP91) -> 34.313333 | AP31: =AVERAGE(ALL_DATA!AQ89:AQ91) -> 44.140737 | AQ31: NA | AR31: NA | AS31: NA | AT31: NA | AU31: NA | AV31: NA | AW31: NA | AX31: NA | AY31: NA | AZ31: NA | BA31: NA | BB31: NA | BC31: =AVERAGE(ALL_DATA!BD89:BD91) -> 0.036 | BD31: NA | BE31: =AVERAGE(ALL_DATA!BF89:BF91) -> 0.074 | BF31: NA | BG31: NA | BH31: =AVERAGE(ALL_DATA!BI89:BI91) -> 0.005 | BI31: NA | BJ31: NA | BK31: NA | BL31: NA | BM31: =AVERAGE(ALL_DATA!BN89:BN91) -> 0.106 | BN31: NA | BO31: =AVERAGE(ALL_DATA!BP89:BP91) -> 0.039 | BP31: NA | BQ31: NA | BR31: NA | BS31: NA | BT31: =AVERAGE(ALL_DATA!BU89:BU91) -> 0.11 | BU31: NA | BV31: =AVERAGE(ALL_DATA!BW89:BW91) -> 0.098 | BW31: NA | BX31: NA | BY31: NA | BZ31: =AVERAGE(ALL_DATA!CA89:CA91) -> 51.765618 | CA31: =AVERAGE(ALL_DATA!CB89:CB91) -> 1.998 | CB31: =AVERAGE(ALL_DATA!CC89:CC91) -> 8.0726667 | CC31: =AVERAGE(ALL_DATA!CD89:CD91) -> 141.94367 | CD31: =AVERAGE(ALL_DATA!CE89:CE91) -> 8.4009113 | CE31: =AVERAGE(ALL_DATA!CF89:CF91) -> 76.547905 | CF31: =AVERAGE(ALL_DATA!CG89:CG91) -> 15.051184
A32: ST63_A21 | B32: ST63 | C32: AUTUMN_2021 | D32: BRACKISH | E32: 45.323742 | F32: -0.70269 | G32: 44533 | H32: 0.46944444 | I32: =AVERAGE(ALL_DATA!J92:J94) -> 6.7 | J32: =AVERAGE(ALL_DATA!K92:K94) -> 7.9133333 | K32: =AVERAGE(ALL_DATA!L92:L94) -> 4.3 | L32: =AVERAGE(ALL_DATA!M92:M94) -> 7.8866667 | M32: =AVERAGE(ALL_DATA!N92:N94) -> -48.0453 | N32: =AVERAGE(ALL_DATA!O92:O94) -> 15 | O32: =AVERAGE(ALL_DATA!P92:P94) -> 1.6018701e+09 | P32: =AVERAGE(ALL_DATA!Q92:Q94) -> 15.333333 | ... AF32: =AVERAGE(ALL_DATA!AG92:AG94) -> 22.973333 | AG32: NA | AH32: =AVERAGE(ALL_DATA!AI92:AI94) -> 39.753333 | AI32: =AVERAGE(ALL_DATA!AJ92:AJ94) -> 152.00333 | AJ32: =AVERAGE(ALL_DATA!AK92:AK94) -> 0.17666667 | AK32: =AVERAGE(ALL_DATA!AL92:AL94) -> 0.096666667 | AL32: =AVERAGE(ALL_DATA!AM92:AM94) -> 0.84333333 | AM32: =AVERAGE(ALL_DATA!AN92:AN94) -> 3.18 | AN32: =AVERAGE(ALL_DATA!AO92:AO94) -> 132.05667 | AO32: =AVERAGE(ALL_DATA!AP92:AP94) -> 60.493333 | AP32: =AVERAGE(ALL_DATA!AQ92:AQ94) -> 40.989925 | AQ32: NA | AR32: NA | AS32: NA | AT32: NA | AU32: NA | AV32: NA | AW32: NA | AX32: NA | AY32: NA | AZ32: NA | BA32: NA | BB32: NA | BC32: =AVERAGE(ALL_DATA!BD92:BD94) -> 0.046 | BD32: NA | BE32: =AVERAGE(ALL_DATA!BF92:BF94) -> 0.086 | BF32: NA | BG32: NA | BH32: =AVERAGE(ALL_DATA!BI92:BI94) -> 0.004 | BI32: NA | BJ32: NA | BK32: NA | BL32: NA | BM32: =AVERAGE(ALL_DATA!BN92:BN94) -> 0.141 | BN32: NA | BO32: =AVERAGE(ALL_DATA!BP92:BP94) -> 0.028 | BP32: NA | BQ32: NA | BR32: NA | BS32: NA | BT32: =AVERAGE(ALL_DATA!BU92:BU94) -> 0.08 | BU32: NA | BV32: =AVERAGE(ALL_DATA!BW92:BW94) -> 0.112 | BW32: NA | BX32: NA | BY32: =AVERAGE(ALL_DATA!BZ92:BZ94) -> 0.045 | BZ32: =AVERAGE(ALL_DATA!CA92:CA94) -> 53.195532 | CA32: =AVERAGE(ALL_DATA!CB92:CB94) -> 1.6683333 | CB32: =AVERAGE(ALL_DATA!CC92:CC94) -> 7.291 | CC32: =AVERAGE(ALL_DATA!CD92:CD94) -> 62.028667 | CD32: =AVERAGE(ALL_DATA!CE92:CE94) -> 11.38056 | CE32: =AVERAGE(ALL_DATA!CF92:CF94) -> 77.710437 | CF32: =AVERAGE(ALL_DATA!CG92:CG94) -> 10.909002
A33: STRAPH_A21 | B33: STRAPH | C33: AUTUMN_2021 | D33: FRESHWATER | E33: 45.996237 | F33: -0.793843 | G33: 44529 | H33: 0.41666667 | I33: =AVERAGE(ALL_DATA!J95:J97) -> 4.1666667 | J33: =AVERAGE(ALL_DATA!K95:K97) -> 7.4263333 | K33: =AVERAGE(ALL_DATA!L95:L97) -> 0.23333333 | L33: =AVERAGE(ALL_DATA!M95:M97) -> 0.61033333 | M33: =AVERAGE(ALL_DATA!N95:N97) -> -12.6 | N33: =AVERAGE(ALL_DATA!O95:O97) -> 15.766667 | O33: =AVERAGE(ALL_DATA!P95:P97) -> 1.3683906e+09 | P33: =AVERAGE(ALL_DATA!Q95:Q97) -> 8.8333333 | ... AF33: =AVERAGE(ALL_DATA!AG95:AG97) -> 20.226667 | AG33: NA | AH33: =AVERAGE(ALL_DATA!AI95:AI97) -> 34.59 | AI33: =AVERAGE(ALL_DATA!AJ95:AJ97) -> 92.943333 | AJ33: =AVERAGE(ALL_DATA!AK95:AK97) -> 0.076666667 | AK33: =AVERAGE(ALL_DATA!AL95:AL97) -> 0.07 | AL33: =AVERAGE(ALL_DATA!AM95:AM97) -> 0.21 | AM33: =AVERAGE(ALL_DATA!AN95:AN97) -> 0.56333333 | AN33: =AVERAGE(ALL_DATA!AO95:AO97) -> 242.57667 | AO33: =AVERAGE(ALL_DATA!AP95:AP97) -> 99.986667 | AP33: =AVERAGE(ALL_DATA!AQ95:AQ97) -> 39.290074 | AQ33: NA | AR33: NA | AS33: NA | AT33: NA | AU33: NA | AV33: NA | AW33: NA | AX33: NA | AY33: NA | AZ33: NA | BA33: NA | BB33: NA | BC33: NA | BD33: NA | BE33: NA | BF33: NA | BG33: NA | BH33: NA | BI33: NA | BJ33: NA | BK33: NA | BL33: NA | BM33: =AVERAGE(ALL_DATA!BN95:BN97) -> 0.024 | BN33: NA | BO33: NA | BP33: NA | BQ33: NA | BR33: NA | BS33: NA | BT33: NA | BU33: NA | BV33: NA | BW33: NA | BX33: NA | BY33: NA | BZ33: =AVERAGE(ALL_DATA!CA95:CA97) -> 66.610827 | CA33: =AVERAGE(ALL_DATA!CB95:CB97) -> 1.991 | CB33: =AVERAGE(ALL_DATA!CC95:CC97) -> 8.156 | CC33: =AVERAGE(ALL_DATA!CD95:CD97) -> 39.198333 | CD33: =AVERAGE(ALL_DATA!CE95:CE97) -> 8.387478 | CE33: =AVERAGE(ALL_DATA!CF95:CF97) -> 83.589843 | CF33: =AVERAGE(ALL_DATA!CG95:CG97) -> 8.0226783
